Voce e coordenador(a) de qual Programa?;Ha quanto tempo esta na coordenacao do programa?;Como voce avalia a qualidade das aulas e do material utilizado no Programa?  [Qualidade das aulas];Como voce avalia a qualidade das aulas e do material utilizado no Programa?  [Material didatico utilizado nas disciplinas];Como voce avalia a qualidade das aulas e do material utilizado no Programa?  [Acervo disponivel para consulta];Como voce avalia a  infraestrutura do programa? [Infraestrutura geral];Como voce avalia a  infraestrutura do programa? [Laboratorios de pesquisa/Salas de estudo];Como voce avalia a  infraestrutura do programa? [Insumos para pesquisa];Como voce avalia o relacionamento entre voce e: [os discentes];Como voce avalia o relacionamento entre voce e: [os docentes];Como voce avalia o relacionamento entre voce e: [comissao coordenadora];Como voce avalia o relacionamento entre voce e: [a secretaria do programa];Como voce avalia a gestao do programa? [Processo de gestao/Administrativo do Programa];Como voce avalia a gestao do programa? [Organizacao do Programa];Como voce avalia seu papel enquanto coordenador(a);Como voce avalia o seu conhecimento acerca do/das: [Regimento Interno do Programa];Como voce avalia o seu conhecimento acerca do/das: [Regimento Geral da Pos-Graduacao];Como voce avalia o seu conhecimento acerca do/das: [normas Capes];Como voce avalia o seu conhecimento acerca do/das: [processo de avaliacao da Capes];Em relacao a TEMaTICA dos PROJETOS DE PESQUISA desenvolvidos pelo programa, voce esta:;Em relacao ao TEMPO DE EXECUcao dos PROJETOS DE PESQUISA desenvolvidos pelo programa, voce esta:;Em relacao ao RESULTADOS ALCANcADOS pelos PROJETOS DE PESQUISA desenvolvidos pelo programa, voce esta:;Em relacao a PRODUcao CIENTiFICA do Programa, voce esta:;Voce acredita que os projetos de pesquisa em andamento no Programa possuem relevancia e pertinencia social?;Voce acredita que os projetos de pesquisa em andamento no Programa possuem relevancia e pertinencia economica?;Voce acredita que os projetos de pesquisa em andamento no Programa possuem relevancia e pertinencia ambiental?;Voce acredita que os projetos de pesquisa em andamento no Programa promovem o avanco cientifico?;O seu Programa possui visao, missao e objetivos claros?;Voce acredita que os projetos de pesquisa em andamento estao alinhados com a visao, missao e objetivos de seu Programa?;O programa discute seu planejamento estrategico entre os docentes, tecnicos, discentes e egressos do programa?;Voce possui iniciativas de captacao de recurso externo para o Programa (exceto bolsa)?;Na sua opiniao, o que e preciso para que o seu Programa tenha producao de conhecimento cientifico e tecnologico qualificado, reconhecido pela comunidade cientifica internacional da area?;Producao de inovacao tecnologica e uma prioridade em seu programa de pos-graduacao?;Dentre as linhas de pesquisa do programa, ha alguma que se destaca na producao de inovacao tecnologica? Se sim, gentileza especificar qual ou quais?;Com que frequencia sao depositadas patentes pelo programa? ;O programa ja criou outros produtos registrados como desenhos industriais, marca, indicacao geografica ou topografia de circuitos integrados, softwares e aplicativos, cultivar, etc?;Qual a quantidade de patentes depositadas entre 2018, 2019 e 2020?;Producao de tecnologias de APLICAcao SOCIAL e uma prioridade em seu programa de pos-graduacao?;Ha alguma linha de pesquisa com o objetivo de produzir tecnologia de APLICAcao SOCIAL? Se sim, qual ou quais?;Alguma tecnologia de APLICAcao SOCIAL foi criada nos ultimos anos pelo programa?;Algum discente ou egresso do programa participou da criacao de empresa ou organizacao social inovadora?;O Programa possui disciplinas que orientam os discentes em relacao a criacao de empresas ou organizacoes sociais de base tecnologica e inovadora?;O programa possui relacao com empresas, outros centros de pesquisa ou com o Centev?;O programa organizou eventos voltados para a COMUNIDADE nos ultimos tres anos?;O programa organizou eventos CIENTiFICOS nos ultimos tres anos?;Os projetos de pesquisa desenvolvidos no Programa poderao gerar solucoes para os problemas que a sociedade enfrenta ou vira a enfrentar?;Quais os principais impactos sociais a serem promovidos pelos projetos de pesquisa em andamento no Programa? (Marque todas aplicaveis);No momento, ha interesse por parte do seu Programa de Pos-Graduacao em iniciar um processo de Internacionalizacao?;Seu programa esta preparado para a internacionalizacao?;Os DOCENTES do seu Programa de Pos-Graduacao estao preparados para a internacionalizacao?;Os DISCENTES do seu Programa de Pos-Graduacao estao preparados para a internacionalizacao?;Quantas disciplinas em lingua inglesa sao oferecidas em seu Programa?;O Programa possui projetos de pesquisa em parceria com instituicoes internacionais de pesquisa ou ensino?;O programa mantem algum tipo de contato com seus egressos?;O programa acredita ser necessario um sistema institucional de acompanhamento de egressos? Por que?;Quais indicadores de desempenho considera importante para auxiliar o Programa no processo de avaliacao quadrienal?;O programa tem dificuldades no processo de avaliacao da Capes? Se afirmativo, gentileza descreve-las. ;Gostaria de adicionar algum comentario referente ao Programa de Pos-Graduacao que coordena?;Gostaria de adicionar algum comentario referente a Pro-Reitoria de Pesquisa e Pos-Graduacao?
Administracao Publica em Rede Nacional;Menos de 1 ano;5;4;4;3;3;3;5;5;5;5;4;4;5;5;4;3;4;5;5;4;4;5;4;4;4;Nao;;;Nao;"Se houvesse incentivos, na forma de bolsas, financiamento de pesquisas, licencas para discentes servidores e melhor infraestrutura, certamente a producao dos mestrandos do Profiap seria mais relevante e impactante do que ja e atualmente.
Do mesmo modo, falta incentivos para os docentes do Programa, nao ha apoio financeiro para publicacoes, para consolidacao de grupos de pesquisas, a infraestrutura dedicada ao Programa e incipiente. Nao ha nem incentivo financeiro (FG) para a Coordenacao deste o inicio do Programa em 2014.
Alem desses fatores referentes a recursos, ha de se considerar tambem fatores institucionais da pos-graduacao profissional, a disponibilidade de periodicos que publiquem trabalhos tecnologicos, a definicao e comunicacao clara por parte da Capes sobre a avaliacao desses programas, dentre outros fatores.";Nao;;;;;Sim;Especificamente, nao;Nao;Sem conhecimento;Nao;Nao;Sim;Sim;4;Transferencia de conhecimento para a sociedade, Geracao direta ou indireta de emprego e renda, Melhoria na qualidade de vida da populacao local, Avanco cientifico;Nao;;;;;Nao;Nao;Sim, assim poderia haver um melhor controle e padronizacao de informacoes.;"Aderencia das pesquisas ao contexto de atuacao profissional dos mestrandos;
Impactos das pesquisas.";Sim, o contexto de rede do Programa trouxe desafios em sua fase historica inicial, atualmente percebo o programa com maior maturidade. Alem disso, parece ter havido alguma falta de clareza por parte da Capes quanto a criterios de avaliacao especificos e aderentes ao contexto de pos-graduacao profissional em Administracao.;;
Agroecologia;Entre 1 e 4 anos;Sem condicoes de avaliar;Sem condicoes de avaliar;Sem condicoes de avaliar;4;4;1;5;5;5;5;4;4;5;5;4;4;4;5;4;4;3;5;4;5;5;Sim;5;Sim;Sim;"QUE OS ORIENTADORES E ORIENTADOS PUBLIQUEM SEUS RESULTADOS; ";Nao;;;;;Sim;NaO HA;Nao;Sem conhecimento;Nao;Sim;Sim;Sim;4;Transferencia de conhecimento para a sociedade, Melhoria na qualidade de vida da populacao local, Avanco cientifico;Sim;3;3;3;2;Sim;Sim;SIM, ACREDITO QUE SERIA PADRONIZADO;"PRODUcao; EGRESSOS; CORPO DOCENTE FORMAcao E ATUAcao, INSERcao SOCIAL";ACREDITO QUE NaO, POIS DESDE O SEU INiCIO SEMPRE TEVE O MESMO CONCEITO - 4;GOSTARIA DE CONSEGUIR TER MAIS ENVOLVIMENTO DOS DOCENTES NAS Acoes EXISTENTES E TB NA PROPOSIcao DE NOVOS;ATUALMENTE TEMOS UMA PPG QUE PODEMOS CONTAR, QUE NOS ESTIMULA E QUE ESTA SEMPRE A DISPOSIcao DA COORDENAcao, DOS DOCENTES E DISCENTES
Agronomia (Producao Vegetal);Menos de 1 ano;2;2;2;2;2;2;2;2;2;2;2;2;2;2;2;2;2;2;2;2;2;2;2;2;2;Sim;2;Sim;Sim;;Sim;x;2;Nao;Menos que 1;Sim;x;Sim;Sim;Sim;Sim;Sim;Sim;2;Licenciamento de processos ou produtos;Nao;;;;;Sim;Sim;x;x;x;x;x
Agronomia (Producao Vegetal);Entre 1 e 4 anos;Sem condicoes de avaliar;Sem condicoes de avaliar;4;4;3;3;5;3;5;5;5;4;4;5;5;4;4;4;4;2;2;3;2;2;2;Sim;3;Nao;Sim;Capacitacao docente para tal finalidade.;Sim;De maneira geral ate 2020, nao havia esse foco. A partir de 2021 estamos trabalhando para isso.;2;Sim;Entre 1 e 4;Nao;;;Sem conhecimento;Nao;Sim;Sim;Sim;3;Transferencia de conhecimento para a sociedade, Licenciamento de processos ou produtos, Avanco cientifico;Nao;;;;;Sim;Sim;Sim, para um feedback mais preciso e uma auto avaliacao do desempenho dos cursos. Muitos doutores e pos-doutores nao tem colocacao no mercado, ou atuam fora da area de formacao.;Formacao de profissionais qualificados e eticos.;Sim, constantes mudancas nos criterios avaliativos (principalmente no decorrer deste ultimo quadrienio);O programa no seu formato criado, vem apresentando diversas carencias, haveria a necessidade de reestruturacao profunda do mesmo, mas toda e qualquer mudanca leva a criticas e rejeicoes.;Nao
Agroquimica;Entre 1 e 4 anos;4;4;4;5;5;4;5;3;5;5;4;4;5;5;5;4;4;3;3;3;3;4;4;4;4;Sim;3;Sim;Sim;O Programa precisa buscar parcerias internacionais, tanto para a captacao de recursos quanto a publicacao em revistas de maior visibilidade. ;Sim;"Nanociencia e nanoengenharia aplicadas a agricultura; Quimica analitica para o meio ambiente, agricultura e alimentos; Sintese de Agroquimicos.";3;Nao;Entre 4 e 8;Sim;"Nanociencia e nanoengenharia aplicadas a agricultura; Catalise aplicada a processos de biorrefinaria; Sintese de Agroquimicos";Sim;Sem conhecimento;Nao;Sim;Sim;Sim;5;Transferencia de conhecimento para a sociedade, Geracao direta ou indireta de emprego e renda, Criacao de novas empresas ou organizacoes sociais, Licenciamento de processos ou produtos, Melhoria na qualidade de vida da populacao local, Avanco cientifico;Sim;4;4;3;0;Sim;Sim;Sim. Acredito ser a forma mais rapida de eficaz de acompanhar a evolucao do programa.;Publicacoes ou patentes com egressos/discentes, capacidade do programa em captar recursos.;Sim, as constantes alteracoes impostas pela CAPES na reta final do quadrienio, sem tempo habil para o programa ter um planejamento adequado e realizar as alteracoes necessarias para o melhor desempenho do programa.;;
Arquitetura e Urbanismo;Entre 1 e 4 anos;4;3;4;2;3;2;Sem condicoes de avaliar;Sem condicoes de avaliar;5;5;4;3;5;5;4;3;3;5;4;2;3;5;3;5;4;Sim;5;Sim;Sim;Que os estudantes se aprimorem no ingles ou, que o programa seja mais rigoroso no conhecimento de ingles no Processo Seletivo;Sim;Tecnoogia e Aspectos Ambientais do Espaco Construido. As outras duas, nao tem essa prioridade. Eu tento incentivar o olhar inovador no corpo de orientadores.;2;Sim;Menos que 1;Sim;"""Planejamento urbano e regional"" e ""Producao do Edificio e Espaco Urbano em Pequenas e Medias Cidades""";Nao;Sim;Nao;Sim;Sim;Sim;5;Transferencia de conhecimento para a sociedade, Melhoria na qualidade de vida da populacao local;Sim;3;3;3;3;Nao;Sim;Sim. Temos apenas um funcionario (secretario) para 60 alunos, pois perdemos o segundo, que nao foi reposto ate o momento. Esta atividade foi realizada este ano pelos representantes discentes. Quando o ensino presencial retornar, nao teremos pessoal para absorver esta atividade, que corre o risco de ser regular.;Producao, tanto bibliografica quando tecnica;Sim, a falta de engajamento dos professores para manter as informacoes atualizadas no Lattes e um problema superficial, pois nao e possivel coletar todas as informacoes necessarias no lattes. e preciso cruzar Lattes, SisPPG, Academico, Radoc, RaEx e ate Facebook, alem de enviar questionarios diversos aos docentes. as vezes, Escavador e Research Gate. Alem disso, e preciso ter acesso as producoes bibliograficas nas plataformas Periodicos Capes, Scielo e outras para coletar as informacoes completas. Para livro, e preciso ter o livro digital para consulta. Isso torna o processo de preenchimento do Sucupira uma atividade para especialistas treinados, o que gera grandes dificuldades em organizar todas as informacoes.;"Sim, na questao ""Como voce avalia o relacionamento entre voce e"" nao tem a opcao 4. Onde inseri Nao tenho condicoes de responder, considere a 4.";Esta nos apoiando sempre que temos demanda. Neste tempo de pandemia, esta muito bom.
Biologia Celular e Estrutural;Mais de 4 anos;5;5;4;4;4;3;5;5;5;5;4;5;5;5;5;5;5;5;5;5;4;4;4;5;5;Sim;4;Nao;Sim;A producao ja e reconhecida pela comunidade internacional, mas nos ultimos 4 anos esta passando por uma crise sem precedentes, pela falta de recursos para pesquisa e corte no numero de bolsas. Assim, e urgente que a UFV estabeleca uma politica de financiamento de pesquisa e bolsas para assegurar a qualidade dos programas e permitir que outros atinjam o grau de excelencia desejado. Isso NUNCA ocorrera, enquanto a PPG for uma pro-reitoria sem orcamento para pesquisa e pos-graduacao.;Sim;Analise qualitativa e quantitativa do genoma;3;Sim;Acima de 8;Nao;;;Sem conhecimento;Nao;Sim;Nao;Sim;4;Licenciamento de processos ou produtos, Melhoria na qualidade de vida da populacao local, Avanco cientifico;Sim;5;5;4;0;Nao;Sim;sim, para liderar e organizar o processo.;producao cientifica, qualidade dos trabalhos de conclusao e destino dos egressos.;nao;nao;O funcionamento da PPG e de excelente qualidade, porem a atuacao no apoio efetivo no financiamento aos programas e muito fraco.
Ciencia da Computacao;Mais de 4 anos;5;4;4;3;2;3;5;5;5;3;4;4;4;5;5;4;4;4;3;4;4;4;4;2;4;Sim;4;Nao;Sim;Um quadro maior de docentes e um maior aporte de recursos financeiros;Sim;Software de alto desempenho;2;Sim;Entre 1 e 4;Sim;Interacao humano computador;Sim;Sem conhecimento;Nao;Nao;Sim;Sim;4;Transferencia de conhecimento para a sociedade, Criacao de novas empresas ou organizacoes sociais, Licenciamento de processos ou produtos, Avanco cientifico;Sim;4;4;3;3;Sim;Sim;Facilitaria a tarefa de cada programa e ajudaria a nao replicar esforcos;Producao cientifica qualificada, patentes, producao tecnica com mensuracao de impacto e recursos financeiros captados;A dificuldade e a falta de objetividade, com necessidade de fornecimento de informacao redundante, falta de clareza sobre as informacoes a serem fornecidas, sistema sucupira com muitas falhas e com perda de sessao.;O programa tem evoluido muito, mas sofre com o pouco espaco fisico e numero relativamente baixo de docentes para um area considerada prioritaria. ;A interacao com a PPG tem sido muito boa  e gostaria de parabenizar pela otimo nivel de seus funcionarios. 
Ciencia e Tec. Alimentos;Entre 1 e 4 anos;Sem condicoes de avaliar;Sem condicoes de avaliar;Sem condicoes de avaliar;3;3;3;5;5;5;5;4;4;4;4;4;4;5;5;4;4;3;4;3;3;4;Sim;4;Nao;Sim;Maior numero de bolsas de doutorado e de pos-doutorado, maior participacao de pesquisadores internacionais, lancamento de editais de financiamento de projetos de pesquisa por entidade de fomento, maior disponibilidade dos docentes e discentes para o intercambio, maior participacao em eventos cientificos, cursos de ingles para docentes e discentes (escrita e fala), ;Sim;"area de Concentracao: Tecnologia de Alimentos
DTA-022 – Desenvolvimento de Produtos e Processos, Gestao de Projetos e Inovacao Tecnologica
";1;Sim;Entre 1 e 4;Nao;;;Sim;Nao;Sim;Nao;Nao;4;Transferencia de conhecimento para a sociedade, Licenciamento de processos ou produtos, Melhoria na qualidade de vida da populacao local, Avanco cientifico;Sim;2;2;1;1;Sim;Sim;Sim, para facilitar a obtencao das informacoes, que poderiam ser buscadas durante todo o ano e nao em periodos especificos, como e feito hoje no Programa. O nivel de resposta aos nossos questionarios  e baixo. ;Impactos, as diversas metricas e avaliacao dos egressos;Coleta de informacoes - nao temos acesso ao Radoc e Raex dos docentes;"A perda de bolsas Capes de DS foi elevada (12 bolsas de DS); existe a necessidade de auxilio para colocacao de armarios em laboratorios e salas de estudo para os discentes";Excelente trabalho da secretaria.
Ciencia Florestal;Menos de 1 ano;4;4;5;5;5;4;5;5;5;5;4;4;5;5;4;4;4;5;4;5;4;4;5;5;5;Sim;5;Sim;Sim;Melhorar o nivel de ingles dos docentes e discentes. ;Sim;Manejo Florestal, Silvicultura e Tecnologia de Madeira;4;Sim;Entre 1 e 4;Nao;;;Sim;Sim;Sim;Sim;Nao;4;Transferencia de conhecimento para a sociedade, Avanco cientifico;Sim;4;3;3;2;Sim;Sim;Sim, por que ficaria mais facil a busca de informacoes;Acompanhamento dos egressos e impacto (cientifico, social, ambiental e economico) das publicacoes, ;Sim, a busca de informacoes nos sistemas institucionais da UFV e com os professores. Alem das mudancas feitas pelas CAPES, muitas das vezes ficamos na duvida de como e quais informacoes colocar na plataforma.;;
Ciencias da Saude;Mais de 4 anos;3;4;3;2;1;1;5;3;5;5;2;2;3;4;4;3;1;3;4;3;3;5;3;5;5;Sim;4;Sim;Nao;Investimento financeiro ;Sim;Fisiopatologia e reabilitacao da saude ;1;Sim;Entre 1 e 4;Sim;Saude publica e cuidados em saude ;Nao;Sem conhecimento;Nao;Nao;Sim;Sim;5;Melhoria na qualidade de vida da populacao local;Sim;1;1;1;0;Nao;Sim;Sim, poderia potencializar a participacao dos egressos nas respostas;Produto tecnico-tecnologico gerado;Sim, muitas informacoes a serem fornecidas pelo coordenador do programa ;;
Defesa Sanitaria Vegetal;Mais de 4 anos;5;5;5;5;5;4;5;5;5;5;5;5;5;5;5;5;5;4;5;5;4;5;5;5;5;Sim;5;Sim;Sim;Este programa nao tem essa missao como premissa da propria CAPES. Suas acoes sao para atividades nacionais.Mas, produzimos tecnologias que sao aplicaveis em qualquer lugar que se pratica agricultura tropical.;Sim;"Projeto de pesquisa guarda-chuva em andamento: GESTaO E EMPREENDEDORISMO NO AGRONEGoCIO E EM EMPRESAS RURAIS
A gestao de qualquer negocio e fundamental para que empresas e instituicoes aumentem a chance de tomar decisões mais acertadas e, assim, buscar sustentabilidade em varios aspectos, com destaque para o economico, nos seus empreendimentos produtivos. No agronegocio e, em particular, nas empresas rurais, considerando o ambiente relativamente mais desafiador no qual essas empresas se inserem (a exemplo da forte influencia das condicoes do meio ambiente, da perecibilidade dos produtos agropecuarios e, comumente, dos elevados investimentos com tempo de retorno longos), a gestao para suporte ao processo de decisao e um processo desafiador e, tambem, essencial para a sobrevivencia e sucesso das empresas do agronegocio. Considerada a diversidade de desafios, mas, tambem, a diversidade de oportunidades, a pratica do empreendedorismo se encaixa no contexto do surgimento de empresas inovadoras e na manutencao da competitividade das empresas ja existentes, permitindo solucoes e ideias inovadoras que busquem mitigar e superar os desafios inerentes do ambiente do agronegocio. Dessa forma, empreendedorismo e inovacao, mas, tambem, planejamento em seus varios niveis, controle de custos e esforcos de marketing, entre outras praticas comuns em gestao de empresas, sao iniciativas essenciais para se garantir uma continua evolucao de competitividade nos empreendimentos do agronegocio e, em especial, das empresas rurais. Esse projeto visa desenvolver iniciativas de gestao e de empreendedorismo com empresas de todos os elos do agronegocio, com foco especial nas empresas rurais.";3;Sim;Entre 1 e 4;Sim;Inovacao e empreendedorismo social, manejo alternativo de pragas a pequenos agricultores, manejo em sistema organicos e formacao de docentes em Institutos agricolas.;Sim;Sim;Sim;Sim;Sim;Sim;5;Transferencia de conhecimento para a sociedade, Geracao direta ou indireta de emprego e renda, Criacao de novas empresas ou organizacoes sociais, Licenciamento de processos ou produtos, Melhoria na qualidade de vida da populacao local, Avanco cientifico;Nao;;;;;Sim;Sim;O feed-back deles e fundamental para promovermos mudancas nos programas da UFV.;formacao de recursos humanos competentes para resolver problemas do cotidiano profissional, producao tecnologica aplicavel, interface com setor publico e privado.;A CAPES ainda esta em processo de regras e meios de avaliar Programas Profissionais e as vezes os confudem solicitando produtos de academicos.;O programa esta crescendo e sendo reconhecido como o melhor do pais pelo publico do setor. Na ultima selecao, tivemos o maior numero de inscritos de nossa historia e temos o maior conceito na area de ciencias agrarias I, ate o momento. No entanto, os aspectos administrativos com relacao a UFV esta limitando e tornando inviavel a sua continuidade se nao houver mudanca e enfretamento coletivo da administracao da instituicao para permitir a continuidade da parceria com empresas e fundacoes para a gestao do Programa.;Nao!
Ecologia;Entre 1 e 4 anos;5;5;5;4;4;4;3;3;5;5;4;4;5;4;4;3;3;4;4;4;4;4;4;4;4;Sim;5;Nao;Sim;Uma infinidade de coisas. Principalmente destaco a melhoria no recrutamento de alunos e professores e na captacao de recursos para pesquisa. Destaco tambem mais tempo para os docentes se dedicarem a pesquisa e pos-graduacao.;Nao;;;;;Nao;;;Nao;Nao;Nao;Nao;Sim;3;Transferencia de conhecimento para a sociedade, Melhoria na qualidade de vida da populacao local, Avanco cientifico;Sim;5;5;5;3;Sim;Nao;;A grande maioria dos indicadores exigidos pela Capes. Na minha opiniao a avaliacao e bem coerente.;Sim. Na avaliacao anterior nao conseguimos justificar de maneira adequada o fato de sermos um curso novo e com poucos doutorandos formados!;Nao;Nao
Economia;Entre 1 e 4 anos;4;4;5;5;5;5;5;5;5;5;4;4;5;5;5;4;3;4;4;4;3;5;5;3;4;Sim;4;Sim;Nao;Investir em producoes mais qualificadas com potencial para publicacao em periodicos internacionais. Para isso, precisamos de mais docentes, pois o corpo permanente e muito pequeno em relacao as atribuicoes do Programa e, principalmente, da Graduacao em Economia e das demais atividades administrativas.;Nao;;;;;Nao;;;Sem conhecimento;Sim;Sim;Sim;Sim;4;Transferencia de conhecimento para a sociedade, Geracao direta ou indireta de emprego e renda, Melhoria na qualidade de vida da populacao local, Avanco cientifico;Sim;3;3;3;0;Nao;Sim;Sim, pois nem sempre se consegue a comunicacao e o retorno esperado de respostas.;Todos;Sim. Com a modificacao da ficha de avaliacao tornou-se necessaria a obtencao de gama de dados muito grande, ficando o trabalho do Coordenador e da Secretaria bastante sobrecarregado!;;
Economia Aplicada;Menos de 1 ano;4;4;4;5;4;4;5;5;5;5;4;5;4;5;5;4;4;5;4;4;4;4;5;4;4;Sim;4;Sim;Sim;Essa e, de fato, uma fragilidade. O restrito acesso a traducao de qualidade e a falta recursos para submissao em periodicos de interesse da area sao problemas conhecidos e que perduram. Por outro lado, um avanco que observo sao projetos, dissertacoes e teses escritas ja em lingua inglesa e a oferta de algumas disciplinas tambem em lingua inglesa. Outro ponto a ser aprimorado esta, a meu ver, associado a ampliacao das parcerias e projetos interinstitucionais, principalmente com universidades e centros de pesquisa de fora do pais. Sou entusiasta dessas relacoes de integracao e rede de pesquisa. ;Nao;;;;;Sim;Duas linhas podem compor essa reflexao, ainda que eu perceba espaco para melhoria: Microeconomia do Desenvolvimento e Economia Agricola e Ambiental.;Sim;Sem conhecimento;Nao;Nao;O programa participou da organizacao de eventos nos ambitos citados, mas nao de maneira exclusiva.;O programa participou da organizacao de eventos nos ambitos citados, mas nao de maneira exclusiva. A excecao sao os seminarios externos e eventos organizados pelos grupos de pesquisa coordenados (ou do qual participam) os docentes orientadores do Programa.;4;Transferencia de conhecimento para a sociedade, Melhoria na qualidade de vida da populacao local, Avanco cientifico;Sim;3;4;3;5;Sim;Sim;Sim. Seria muito bom. Pessoalmente, considero a possibilidade um avanco significativo nao apenas para os programas, mas para a instituicao como um todo.;Objetivamente, a producao tecnica e cientifica em periodicos de qualidade e, sem duvida, muito importante. Todavia, mais que isso, a participacao ativa em grupos de pesquisa, a aderencia entre a producao e as linhas de pesquisa, a capacidade de capilaridade do programa, a insercao em sociedades cientificas e o reconhecimento dos pares - acerca da formacao de recursos humanos e de conhecimento - me parecem indicadores relevantes.;Essa e uma resposta que precisa de contexto. Meu tempo de atuacao no Programa e muito pequeno, o que me indica que, muito provavelmente, deixarei reflexões a descoberto. Inicio pelos desafios da Plataforma em si (reforco que meu contato e recente). O sistema e complexo, repetitivo em alguns pontos e, a meu ver, pouco pragmatico. Ademais, talvez em visao agravada pela pandemia, ha pouco suporte ao preenchimento e ao proprio coordenador, que, pelo que percebi (e ouvi de pares) torna-se sistematicamente sobrecarregado. Por outro lado, reconheco e valido a importancia de um sistema amplo e objetivo de metrica entre programas, mas ele e muito variado entre as areas e os entendimentos nem sempre sao  convergentes. ;Apenas reforcar que meu tempo como coordenadora e muito pequeno.;"Apenas agradecer. Como ""novata"", eu tenho demandado sistematicamente a PPG em diferentes questões, e o retorno tem sido muito agil. Essa e uma realidade que tem me auxiliado muito."
Educacao;Entre 1 e 4 anos;5;5;4;4;3;Sem condicoes de avaliar;3;3;5;5;4;4;4;3;4;3;4;4;4;4;2;4;4;2;5;Sim;5;Sim;Nao;"1) Oportunidade de bolsas de estudo e apoio financeiro para que docentes e discentes possam fazer treinamentos e estagios em universidades conceituadas internacionalmente. Muitos dos docentes que sairam recentemente para pos-doutorado no exterior, o fizeram com recursos proprios do salario o que inibiu como que outros (que possuem familia) investissem nesse movimento .

2) ampliacao da relacao do programa com redes de pesquisa nacionais e internacionais, favorecendo o incremento de pesquisas conjuntas que resultem em publicacoes qualificadas em termos nacionais e internacionais

3) Bolsa de estudos aos discentes participantes do programa que, sem as mesmas, sao obrigados a trabalhar em atividades externas as suas pesquisas, o que diminui o tempo de dedicacao a pos-graduacao
";Nao;;;;;Sim;Sim;Sim;Sem conhecimento;Nao;Nao;Sim;Sim;5;Transferencia de conhecimento para a sociedade, Geracao direta ou indireta de emprego e renda, Criacao de novas empresas ou organizacoes sociais, Melhoria na qualidade de vida da populacao local, Avanco cientifico;Sim;2;2;2;0;Nao;Sim;Sim. A institucionalizacao desse acompanhamento favorece com que o egresso se sinta mais vinculado a universidade;"Qualidade das publicacoes docentes; quantidade e qualidade da dissertacoes defendidas; a qualidade da publicacao discente; a insercao social do programa; a qualidade da insercao dos egressos no mercado de trabalho; a qualidade formativa do corpo docente, sendo favorecidos pos-doutorados em universidades reconhecidas tanto nacionalmente quanto internacionalmente";O maior problema do programa com a avaliacao CAPES se refere as mudancas de regras no processo avaliativo. Passamos tres anos preenchendo um modelo de relatorio e seguindo os criterios exigidos no mesmo para, no ultimo ano, sermos surpreendidos nao apenas com a mudanca na maneira de preencher, mas igualmente com a mudanca dos criterios de avaliacao, o que tem exigido um esforco de construcao de novos parametros e iniciativas para preencher o relatorio Sucupira.;O programa tem sofrido com o ataque do governo federal que suprimiu do mesmo todas as bolsas de mestrado, nao havendo para tal acao uma justificativa plausivel. Em consequencia, o programa nao recebeu tambem a verba do PROAP em 2020 e 2021. Como a area nao possui um historico de vinculacoes a empresas privadas, essas ausencias de apoios de fomento prejudicam os movimentos de apoio a docentes e discentes e igualmente o processo de organizacao de eventos;e uma pro-reitoria aberta ao dialogo e atenta as necessidades particulares dos diferentes programas.
Educacao em Ciencias e Matematica;Menos de 1 ano;4;5;4;5;5;Sem condicoes de avaliar;5;5;5;Sem condicoes de avaliar;4;4;5;5;4;4;2;4;4;4;3;5;3;2;4;Nao;;;Sim;"Por se tratar de um Programa novo, ainda sem dissertacoes defendidas, penso que precisamos de mais tempo para alinhar as producoes a qualquer expectativa da area de conhecimento a que estamos vinculados. Por outro lado, penso que os mestrados profissionais tem a particularidade de voltar a suas preocupacoes para problemas concretos da realidade social, buscando resolve-los, quando possivel. Por se vincular a area de Ensino, temos que considerar que trabalhamos, majoritariamente, com um publico formado por professores da educacao basica em busca de formacao continuada e sem perspectivas de publicar trabalhos em periodicos nacionais, quica internacionais. Penso que tudo isso e relevante ao pensarmos o Programa e tentarmos situa-lo como fonte de producao de conhecimento socialmente relevante, porem nao necessariamente alinhado com esses interesses mais amplos, internacionais. Minha preocupacao e, justamente, como satisfazer ""esses dois mundos"", o que cobra um pe na realidade concreta e, o outro, que espera internacionalizacao e producoes de impacto internacional.";Nao;;;;;Sim;Ambas as linhas: Ensino e Aprendizagem em Ciencias e Matematica/Formacao de Professores de Ciencias e Matematica;Nao;Sem conhecimento;Nao;Nao;Nao;Nao;4;Transferencia de conhecimento para a sociedade, Melhoria na qualidade de vida da populacao local;Nao;;;;;Nao;Nao;Sim, pois uniformizaria algumas das questões que apresentei acima, mas entendo que e algo a ser feito em parceria entre Programas e a UFV como um todo.;Penso que ao longo do tempo sera importante observar o tempo de titulacao, as producoes advindas do corpo docente em conjunto com o corpo discente, a pertinencia dos temas das dissertacoes com relacao a area do Programa, a relevancia social, a tentativa de resolucao de problemas, ao produto educacional proposto, etc. (essa foi a pergunta mais dificil ate agora!);"Minha maior dificuldade e realizar o preenchimento da Sucupira em referencia a 2020 (primeiro ano do curso) do zero, sem parametro algum. Logicamente contarei com o apoio de colegas docentes que ja atuam em outros Programas e/ou ja foram coordenadores. Alem desse apoio e dos materiais disponibilizados pela Capes, nao tenho nenhum outro apoio, me sinto um pouco ""no escuro"" com relacao a esse processo de avaliacao da Capes.";"Sim. Por ser o primeiro Programa multicampi da UFV, a cada novo semestre encontramos novas dificuldades relacionadas aos sistemas, ainda que aos poucos vao sendo compreendidas por nos da Coordenacao e ai, claro, a resolucao fica mais rapida a cada novo periodo.  
Outra grande dificuldade que tem grande relacao com esta primeira, e o fato de nao termos um(a) servidor(a) na Secretaria do Programa. Ainda que contemos com o imenso apoio prestado pelo servidor Joao Marcos, da Diretoria de Pesquisa do Campus de Florestal, porem ele atua em ou apoia cinco Programas de Pos-Graduacao. ";"Sim. Fica o agradecimento por todo apoio recebido da PPG, nas figuras da Heloiza, Thomas, Claudia, Carolina, do Prof. Raul e de toda equipe.
Em sendo possivel tecer uma sugestao, penso que seria muito interessante a criacao de um ""manual da coordenacao"", a exemplo do que a PRE esta fazendo para as coordenacoes de graduacao que, ate onde sei, e um site, mas, no caso da pos-graduacao poderia ser um documento em formato .pdf mesmo, com os principais processos e acoes a serem desenvolvidas pelos coordenadores (como aquele manual de como usar o academicopg). Nao sei se minha sugestao tem relacao direta com a ausencia de servidor na secretaria, porem penso nao apenas nos processos academicos, ja que Helo, Thomas e o MIPA do SEI ajudam muito, mas procedimentos gerais, como por exemplo: a quem ou qual setor recorrer se tivermos problema de acesso a algum sistema? Ou a quem recorrer em caso de duvidas sobre o preenchimento da Sucupira? Ha muitas outras questões. Nao sei se me fiz claro, mas o que me leva a sugerir isso e pensar na proxima pessoa que assumira a coordenacao do Programa. Obviamente ela podera contar comigo como ex-coordenador, mas penso que ha coisas que poderiam ser ensinadas ou sistematizadas no papel, uma vez que eu mesmo nao conto com essa figura de ""ex-coordenador experiente"". Perdoem-se se for uma dificuldade advinda da minha inexperiencia, apenas."
Educacao Fisica;Menos de 1 ano;5;5;5;5;4;3;5;5;5;5;5;5;5;5;5;5;5;5;5;5;5;5;5;5;5;Sim;5;Sim;Sim;Sao necessarios recursos financeiros para o financiamento dos projetos de pesquisa.;Sim;Nao.;1;Sim;Menos que 1;Sim;Nao.;Nao;Sem conhecimento;Nao;Sim;Sim;Sim;5;Transferencia de conhecimento para a sociedade, Geracao direta ou indireta de emprego e renda, Licenciamento de processos ou produtos, Melhoria na qualidade de vida da populacao local, Avanco cientifico;Sim;5;5;4;0;Sim;Sim;Sim. Isso ajudaria bastante pois teriamos essas informacoes centralizadas, padronizadas e atualizadas.;Os indicadores sao definidos pela Capes. No momento, seguindo a atual ficha de avaliacao: 1-Programa, 2-Formacao e 3-Impacto na Sociedade.;Nao. Todavia, e importante ressaltar que para atender as exigencias e alcancar elevados niveis de qualidade, que sao cada vez mais exigidos, e necessario investimento, recursos para os programas desenvolverem suas pesquisas, colaboracoes, compra e manutencao de equipamentos, reformas de estruturas, bolsas para estudantes, etc. ;Nao.;Nao.
Engenharia Agricola;Entre 1 e 4 anos;5;5;5;5;4;4;5;5;5;5;4;4;5;5;5;5;5;4;5;4;4;4;4;4;4;Sim;4;Sim;Sim;1) Os jovens orientadores precisam aumentar em qualidade e em numero a sua producao cientifica. 2) e preciso uma conscientizacao de alguns orientadores da necessidade de atuacao em temas de maior relevancia.;Nao;;;;;Nao;;;Sim;Nao;Sim;Sim;Sim;5;Transferencia de conhecimento para a sociedade, Licenciamento de processos ou produtos, Avanco cientifico;Sim;4;4;4;5;Sim;Sim;Sim. Varias universidades no mundo inteiro fazem isso. Algumas questões que os egressos se sentiriam constrangidos em responder, poderiam responder sem constrangimento se essa fosse uma iniciativa institucional e nao do programa.;indice H dos docentes e numero de citacoes dos trabalhos publicados. Se a UFV tivesse assinado o SCIVAL poderiamos trabalhar com outras metricas que medem o impacto das publicacoes do programa e que a CAPES utilizara para nos avaliar. ;Sim. e um absurdo se fazer uma mudanca tao radical no sistema de avaliacao no final de um periodo de avaliacao. As mudancas eram necessarias, mas deveriam ter sido trabalhadas para serem implementadas no proximo quadrienio. O trabalho que os programas estao tendo que desenvolver e insano. Alem disso, nao temos pessoal de apoio para nos ajudar, e muito trabalho para poucos executarem. ;Sem comentarios.;"Gostaria de solicitar que a PPG implementasse: a) um sistema de avaliacao de disciplinas da pos-graduacao; b) um formulario de ingresso de estudante apontando as suas expectativas em relacao a pos-graduacao; e c) um sistema de avaliacao de fim de curso. Isso ira nos ajudar nos proximos processos de autoavaliacao que teremos que realizar."
Engenharia Civil;Entre 1 e 4 anos;Sem condicoes de avaliar;Sem condicoes de avaliar;5;3;3;2;Sem condicoes de avaliar;Sem condicoes de avaliar;5;5;4;4;5;5;5;4;4;4;3;4;5;5;4;5;5;Sim;5;Sim;Sim;Melhor infraestrutura laboratorial (equipamentos e acabamentos), recursos para intercambios, planejamento de pos-docs de acordo com os objetivos do programa;Sim;"Processos construtivos e tecnologia dos materiais; Recuperacao de recursos  energeticos e materiais em saneamento; Sistemas e infraestrutura de transportes; Cartografia, SIG e Sensoriamento Remoto ";2;Sim;Menos que 1;Nao;;;Sim;Nao;Sim;Nao, Nao lembro!;Sim;4;Transferencia de conhecimento para a sociedade, Avanco cientifico;Sim;5;4;4;0;Sim;Nao;Sim, ajudaria a manter o contato.;Produtividade cientifica, insercao social;"Sim, problema de ser um programa ""all inclusive"" no passado, com novo regimento, se profissionalizou";O Programa esta ansioso para melhorar seu conceito;O pessoal do AcademicoPG e muito atencioso, ajuda bastante. 
Engenharia Quimica;Mais de 4 anos;4;5;4;4;3;2;5;5;5;5;4;4;4;4;4;4;4;4;4;4;3;4;4;4;4;Sim;4;Sim;Sim;Captar recursos, ter mais bolsas de pos-graduacao e intercambio.;Nao;;;;;Sim;1. Desenvolvimento de Processo e Materiais;Nao;Nao;Nao;Sim;Sim;Nao;4;Transferencia de conhecimento para a sociedade, Geracao direta ou indireta de emprego e renda, Criacao de novas empresas ou organizacoes sociais, Licenciamento de processos ou produtos, Melhoria na qualidade de vida da populacao local, Avanco cientifico;Sim;4;4;4;0;Sim;Nao;Sim, porque fica mais centralizado.;dissertacoes defendidas e artigo publicados, parcerias empresas, intercambio.;O programa passara pela primeira avaliacao quadrienal.;;
Estatistica Aplicada e Biometria;Entre 1 e 4 anos;3;4;4;1;1;1;3;2;5;5;3;3;3;3;3;3;3;3;4;2;3;2;1;1;3;Sim;4;Nao;Nao;Conhecer mais de perto aquilo que precisa ser feito e disponibilizar ao Programa o que ele tem condicoes de fazer.;Nao;;;;;Nao;;;Nao;Nao;Nao;Nao;Sim;2;Avanco cientifico;Sim;2;3;2;0;Sim;Sim;Nao.;Producao cientifica, horas-aula e numero de estudantes assistidos na Pos-Graduacao.;Nao.;Nao.;Nao.
Extensao Rural;Mais de 4 anos;4;4;4;4;4;4;5;5;3;5;4;4;5;5;4;4;5;4;4;4;3;4;4;4;4;Sim;4;Nao;Sim;melhorar a producao em lingua estrangeira;Nao;;;;;Sim;nao;Nao;Sem conhecimento;Nao;Sim;Sim;Sim;4;Transferencia de conhecimento para a sociedade, Melhoria na qualidade de vida da populacao local, Avanco cientifico;Sim;2;3;2;0;Sim;Sim;Sim porque a instituicao podera organizar melhor o acompanhamento de egressos de todos os programas;Questao das publicacoes, que esse ano esta muito confuso;Dificuldades? Pergunta mal elaborada sem condicao de responder;Sim seria preciso mudar a cultura organizacional o Coordenador fica sobrecarregado com quase todas as acoes do Programa, e com a pandemia piorou o corpo docente nao se interessa para as condicoes administrativas do Programa. ;Poderia preparar uma equipe para suporte nas avaliacoes quadrienais, mas no geral a equipe da PPG e muito atenciosa e prestativa!
Fisica;Entre 1 e 4 anos;5;5;5;5;5;4;5;5;5;5;4;4;4;5;4;4;5;5;5;4;5;5;4;2;5;Sim;5;Sim;Sim;Aumentar a visibilidade do Programa, dos docentes e as redes de colaboracao. ;Nao;;;;;Nao;;;Nao;Nao;Nao;Sim;Sim;5;Transferencia de conhecimento para a sociedade, Licenciamento de processos ou produtos, Melhoria na qualidade de vida da populacao local, Avanco cientifico;Sim;4;4;3;1;Sim;Sim;Acreditamos que seria mais viavel cada programa acompanhar seus proprios egressos de acordo com suas possibilidades, pois cada programa conhece melhor o que e mais relevante para sua area. ;"Produtividade docente e discente, especialmente de artigos em periodicos de algo impacto; quantidade e qualidade de projetos financiados.";Dificuldades usuais, nada critico. Minha experiencia como coordenador mostrou que o mais dificil e obter as informacoes dos docentes de forma efetiva e organizada. ;O programe encontra-se em acelerado desenvolvimento e vejo um empenho forte da grande maioria dos docentes para melhorarmos de conceito. A maioria dos docentes permanentes esta focada em pesquisa e pos-graduacao, embora alguns ainda apresentem dificuldades de organizar seu tempo com outras atividades (ensino de graduacao, atividades de extensao, etc).;Acredito que a PPG - UFV funciona bem, mas entraves burocraticos poderiam ser simplificados. Perdemos muito tempo em reuniões discutindo processos relacionados a problemas de estudantes e outros assuntos similares, enquanto falta tempo para discutir estrategias que possam de fato contribuir para o efetivo desenvolvimento dos programas e da pesquisa cientifica em geral na UFV. 
Fisiologia Vegetal;Mais de 4 anos;Sem condicoes de avaliar;Sem condicoes de avaliar;Sem condicoes de avaliar;5;5;4;3;5;5;5;4;5;5;5;5;4;4;5;5;5;5;3;3;4;5;Sim;5;Nao;Sim;A producao e, a meu ver, altamente reconhecida, com a maior parte das publicacoes veiculadas em periodicos de alto impacto na area;Nao;;;;;Nao;;;Sim;Nao;Sim;Sim;Sim;3;Avanco cientifico;Sim;4;4;3;4;Sim;Sim;;No nosso Programa, de ciencias basicas, avancos cientificos pautados em publicacoes de alto impacto;Ha muitas duvidas e incertezas quanto a presente avaliacao quadrienal, em funcao de alteracao extemporanea de varios quesitos de avaliacao ;;
Fitotecnia;Entre 1 e 4 anos;4;4;5;4;4;4;5;5;5;5;5;4;5;5;5;5;5;4;5;4;4;4;4;4;4;Sim;4;Nao;Sim;Melhor empenho dos docentes no direcionamento das publicacoes para periodicos com maior visibilidade e crivo de qualidade.;Sim;Melhoramento de Plantas, Recursos Geneticos e Biotecnologia;3;Sim;Entre 1 e 4;Sim;Nutricao Mineral, Adubacao e Producao de Culturas, Agricultura Organica e Agroenergia;Sim;Sim;Sim;Sim;Sim;Sim;5;Transferencia de conhecimento para a sociedade, Criacao de novas empresas ou organizacoes sociais, Licenciamento de processos ou produtos, Avanco cientifico;Sim;4;4;4;4;Sim;Sim;Sim, facilitaria a prospeccao por informacoes;Todos os docentes terem o numero de produtos solicitados pela CAPES.;Numero de docentes permanentes exclusivos do programa, sempre abaixo de 50%, devido a natureza multidisciplinar e a nucleacao com outros programas existentes na UFV.;Nao;Precisaria ter uma melhor efetividade no conhecimento sobre a avaliacao da CAPES, auxiliando os coordenadores, muitas duvidas poderiam ser esclarecidas e atualmente sao elucidadas por colegas coordenadores de outros programas.
Matematica;Entre 1 e 4 anos;5;4;4;4;4;Sem condicoes de avaliar;3;5;5;5;4;4;4;4;4;3;3;4;4;4;4;4;4;5;5;Sim;4;Sim;Nao;Captacao de pesquisadores senior para alocar experiencia ao Programa. ;Sim;Analise Matematica;1;Nao;Menos que 1;Nao;;;Sem conhecimento;Nao;Nao;Sim;Sim;4;Transferencia de conhecimento para a sociedade, Avanco cientifico;Sim;2;2;2;0;Nao;Sim;Sim. Isto geraria muitas informacoes para serem usadas na melhoria dos cursos.;Acompanhamento de egressos. ;Muitas informacoes exigidas fogem ao contexto do Programa.;O nosso Programa tem buscado avancar em todas as direcoes pertinentes ao mesmo.;Acredito que a PPG tem se esforcado para auxiliar os programas dentro do possivel.
Matematica em Rede Nacional;Entre 1 e 4 anos;4;5;4;4;4;4;3;3;5;2;4;3;4;4;4;3;3;3;3;3;3;4;3;2;3;Sim;4;Sim;Nao;;Nao;;;;;Sim;Trabalhos matematicos;Nao;Nao;Nao;Nao;Sim;Sim;3;Melhoria na qualidade de vida da populacao local, Avanco cientifico;Nao;;;;;Nao;Sim;Nao. e um programa em rede nacional.;Numero de formandos.;Nao.;Nao.;Nao.
Medicina Veterinaria;Entre 1 e 4 anos;4;5;5;4;4;2;5;5;Sem condicoes de avaliar;5;4;5;4;5;5;5;5;4;5;4;3;4;4;4;4;Sim;5;Sim;Sim;sim;Nao;;;;;Nao;;;Sim;Sim;Sim;Sim;Sim;5;Transferencia de conhecimento para a sociedade, Avanco cientifico;Sim;4;4;4;0;Sim;Sim;Sim, nos direciona quais iniciativa tomar frente a acoes do programa ;Producao cientifica docente e discente ;Nao ;O corte de numero de bolsa causando evasao de alunos;Muito dificil fazer qualquer critica construtiva neste periodo pandemico e nesta onda de cortes da atual politica governamental, no mais a PPG da UFV tem ajudado o Programa de Pos-graduacao em Medicina Veterinaria da UFV sempre que solicitada. 
Meteorologia Aplicada;Entre 1 e 4 anos;4;4;4;4;4;4;3;5;5;5;5;5;4;3;3;3;4;4;5;4;4;4;3;4;4;Sim;4;Nao;Sim;Nosso programa precisaria de mais docentes. Ja temos producao internacional mas poderiamos ter um numero de discentes e assim mais projetos e producao cientifica.;Sim;Nao;1;Sim;Menos que 1;Sim;nao;Nao;Sem conhecimento;Nao;Sim;Nao;Nao;4;Transferencia de conhecimento para a sociedade, Melhoria na qualidade de vida da populacao local, Avanco cientifico;Sim;4;4;3;0;Sim;Sim;Sim para coordenar a nivel de UFV;Producao cientifica;sim devido o baixo numero de docentes;Nao;Nao
Multicentrico em Quimica de Minas Gerais;Menos de 1 ano;3;3;3;3;3;2;5;5;5;5;4;4;5;5;4;3;3;4;4;4;3;4;4;4;5;Sim;4;Nao;Sim;Mais recursos financeiros para bolsas e laboratorios ;Sim;"Materiais; agrotecnologia; ambiental";2;Nao;Menos que 1;Sim;Nao. Mas esta discutido;Nao;Sem conhecimento;Nao;Nao;Sim;Sim;3;Transferencia de conhecimento para a sociedade, Avanco cientifico;Sim;3;3;3;0;Nao;Nao;;Internacionalizacao e Impacto e relevancia para a sociedade;Nao;;
Quimica em Rede Nacional PROFQUI;Entre 1 e 4 anos;4;4;4;5;5;Sem condicoes de avaliar;5;5;5;3;4;4;5;5;5;5;4;4;3;4;3;5;4;4;4;Sim;4;Sim;Nao;"Reconhecimento academico das pesquisas realizadas no ""chao da escola"".";Nao;;;;;Sim;Novas tecnologia e comunicacao;Sim;Sem conhecimento;Nao;Nao;Nao;Nao;4;Transferencia de conhecimento para a sociedade, Melhoria na qualidade de vida da populacao local;Nao;;;;;Nao;Sim;Importante, pois nem todos os estudantes retornam as demandas do programa quando necessario.;Fluxo efetivo dos alunos e publicacoes.;A primeira avaliacao quadrienal esta sendo feita no momento.;O programa e parte de um programa nacional, aqui representamos um polo.;Por enquanto, tenho apenas elogios, afinal todos respondem com presteza sobre as demandas.
Solos e Nutricao de Plantas;Mais de 4 anos;5;4;3;4;3;2;5;5;5;5;4;4;5;5;5;5;5;3;3;3;3;4;5;5;4;Sim;4;Nao;Sim;Vivemos um absurdo contingenciamento de recursos, o que impacta diretamente o andamento dos cursos. Isto afeta especialmente os investimentos em equipamentos mais modernos e determinantes para o aumento da qualidade da pesquisa. O problema de espaco fisico tambem e um problema serio, em especial para os pos-graduandos, pois o Programa nunca conseguiu um espaco de estudo ou trabalho especifico para eles. O valor da bolsa, sem reajuste ha varios anos, e a falta de recursos para pesquisas tambem sao muito limitantes.;Nao;;;;;Nao;;;Sem conhecimento;Nao;Sim;Nao;Sim;5;Transferencia de conhecimento para a sociedade, Criacao de novas empresas ou organizacoes sociais, Licenciamento de processos ou produtos, Melhoria na qualidade de vida da populacao local, Avanco cientifico;Sim;4;3;3;2;Sim;Sim;Com certeza. Ja passou da hora. A base de dados que a UFV tem e toda a infraestrutura de sistemas da DTI ja deveriam ter sido focadas nesta finalidade (e no planejamento estrategico, e na avaliacao de disciplinas);"producao cientifica; atividades consolidadas de ensino, pesquisa e extensao; ";A principal dificuldade e conseguir as informacoes junto a professores e o trabalho praticamente isolado do coordenador em relacao ao laboratorio;Nao;Nao
Zootecnia;Entre 1 e 4 anos;4;5;4;5;4;4;5;5;5;5;4;4;5;5;4;5;5;5;4;4;4;4;4;4;5;Sim;4;Sim;Sim;;Sim;"Nutricao e Alimentacao animal; Melhoramento animal; Fisilogia da producao animal e Forragicultura e pastagem";2;Sim;Entre 1 e 4;Sim;Programa Familia do Leite;Sim;Sim;Nao;Sim;Sim;Sim;4;Transferencia de conhecimento para a sociedade, Criacao de novas empresas ou organizacoes sociais, Avanco cientifico;Sim;4;4;3;2;Sim;Sim;nao sei se teria viabilidade;pesquisa em banco de dados pagos, tipo Sahival;Nao;Nao;Nao
Zootecnia Mestrado Profissional;Mais de 4 anos;5;5;5;5;5;5;5;5;5;5;5;5;5;5;5;5;4;5;4;4;3;5;5;5;5;Sim;5;Sim;Sim;;Sim;Producao Animal - Ruminantes ;2;Sim;Entre 1 e 4;Sim;Nao;Sim;Sim;Sim;Sim;Sim;Sim;5;Transferencia de conhecimento para a sociedade, Geracao direta ou indireta de emprego e renda, Criacao de novas empresas ou organizacoes sociais, Licenciamento de processos ou produtos, Melhoria na qualidade de vida da populacao local, Avanco cientifico;Nao;;;;;Sim;Sim;;Producoes tecnicas/tecnologicas e de livros e capitulos de livros;Nao;;
Bioquimica Aplicada;Entre 1 e 4 anos;5;5;4;5;5;5;5;5;5;5;5;5;5;5;5;5;4;4;4;4;5;5;5;5;5;Sim;4;Sim;Sim;A reducao de financiamento publico em pesquisa esta afetando diretamente os projetos de pesquisa vinculados ao Programa. A busca por novas possibilidades de aquisicao de financiamento sera essencial para manutencao da qualidade do Programa, incluindo uma captacao institucional dos recursos.;Sim;Biotecnologia;5;Sim;Acima de 8;Nao;;;Sim;Nao;Sim;Sim;Sim;5;Licenciamento de processos ou produtos, Melhoria na qualidade de vida da populacao local, Avanco cientifico;Sim;3;3;3;1;Sim;Sim;Sim. Facilita a organizacao da informacao e divulgacao dos dados;Producao, quantidade de egressos alocados no mercado de trabalho na area de formacao, cooperacao com empresas privadas;Sim, a mudanca no sistema dificulta o processo de avaliacao;;
Geografia;Entre 1 e 4 anos;5;5;3;3;3;3;5;5;5;5;4;4;4;4;3;3;3;4;4;3;3;5;4;5;5;Sim;5;Sim;Sim;e necessario um maior fomento na pesquisa;Sim;Nao se aplica;1;Nao;Menos que 1;Sim;As duas linhas do Program devotam-se a pensar e criar solucoes para conflitos de carater ambiental e territorial;Nao;Nao;Nao;Nao;Sim;Sim;5;Transferencia de conhecimento para a sociedade, Geracao direta ou indireta de emprego e renda, Licenciamento de processos ou produtos, Melhoria na qualidade de vida da populacao local, Avanco cientifico;Sim;4;4;3;0;Sim;Nao;Sim, e este deve ter o amparo dos orgaos da universidade;Producao Intelectual, Orientacao e Participacao e Organizacao em eventos cientificos ;Sim, pois ha questões que nao se aplicam necessariamente as areas das ciencias humanas ;O Programa precisa de um maior apoio da Universidade - contratacao de novos professores e recursos para pagamento de bolsas.;
Microbiologia Agricola;Mais de 4 anos;4;4;4;5;5;5;5;5;5;5;4;4;4;5;5;4;4;4;4;4;4;4;4;4;5;Sim;4;Nao;Sim;MAIOR FACILIDADE DE COMUNICAcao EM LINGUA INGLESA PELOS DOCENTES DO PROGRAMA. Assim, possuir maior interacao internacional.;Sim;"Sim,  na linha de recuperacao petroleo e descontaminacao de areas afetadas pelo , na area de producao de vacinas, uso de fungos de podridao branca na producao de enzimas e destoxificacao; Producao de bacteriocinas.";3;Nao;Entre 4 e 8;Nao;;;Sim;Nao;Sim;Sim;Sim;4;Transferencia de conhecimento para a sociedade, Geracao direta ou indireta de emprego e renda, Criacao de novas empresas ou organizacoes sociais, Licenciamento de processos ou produtos, Melhoria na qualidade de vida da populacao local, Avanco cientifico;Sim;4;3;3;1;Sim;Sim;Seria interessante, principalmente porque a CAPES o exige atualmente;Producao cientifica de qualidade, nao necessariamente utilizando o Qualis;As mudancas crescentes,  e de ultima hora, deixa os coordenadores transtornados. As reuniões de meio termo deveriam ser bem anterior ao periodo de relatorio e tambem que ja esteja bem certo do que sera solicitado.;A gestao de um programa de pos-graduacao nao e facil. Com esta pandemia ficou mais complicado ainda coordenar !!!!;"Teria como a PPG falar com a CAPES para adiar este relatorio para 2022?  Ou pelo menos ate julho/21,Afinal, adiaram bolsa em ate seis meses! e o relatorio nao?
"
Manejo e Conservacao de Ecossistemas Naturais e Agrarios;Entre 1 e 4 anos;4;4;3;4;4;3;5;5;5;5;4;4;4;5;4;3;4;3;4;3;3;3;4;4;4;Sim;3;Nao;Sim;aumentar a interdisciplinaridade dos projetos e abordar questões de alto impacto/relevancia para  a arae de concentracao do Programa;Nao;;;;;Nao;;;Sim;Nao;Sim;Nao;Nao;3;Transferencia de conhecimento para a sociedade, Melhoria na qualidade de vida da populacao local, Avanco cientifico;Sim;3;3;2;4;Sim;Sim;Seria mais facil para os Programas se existisse uma plataforma unica de acompanhamento... a PPG tambem poderia se beneficiar desses dados (de todos egressos)....;publicacoes de impacto, produtos tecnologicos gerados, projetos aprovados/financiados, exito profissional dos egressos, interdisciplinaridade do programa, internacionalizacao do programa;O programa ainda e jovem, e assim pode ser considerado bom. Mas varias coisas precisam melhorar. Aumentar o impacto das publicacoes, gerar mais produtos tecnologicos, aumentar interacao com o setor privado, aumentar a interdisciplinaridade dos projetos com docentes de dentro e fora do Programa, melhorar a capacidade de internacionalizacao;Nope;Nope
