Gostaria de adicionar algum comentario referente seu Programa de Pos-Graduacao?;Gostaria de adicionar algum comentario referente a Pro-Reitoria de Pesquisa e Pos-Graduacao?
;
Somente uma maior presenca dos orientadores no desenvolvimento dos trabalhos, uma vez que a nivel de mestrado, um acompanhamento mais de perto seria de extrema valia;
;
;
Os professores buscam muitos contatos internacionais e buscam se aprimorar fora do pais, porem, nem sempre incentivam seus alunos a fazer isso.;Poderia ter um sistema melhor de divulgacao de oportunidades
0 somente ao programa de pos graduacao em que faco parte, mas todos de maneira geral. Ha que se discutir urgentemente o assedio moral nas relacoes orientadores/orientandos, bem como os efeitos que uma orientacao inadequada acarreta 0 somente na saúde fisica e mental dos discentes, mas tambem na producao academica do programa e indicadores de qualidade.;
Em meu programa existem muitos alunos que 0 tem interesse em seguir na pesquisa, logo para estes a publicacao de trabalhos 0 e relevante. Na situacao atual, com carencia de bolsas e financiamento, isso pode prejudicar quem realmente tenha interesse em seguir na pesquisa e contribuir para a geracao de conhecimento. Gostaria tambem de saber mais informacoes sobre meu programa, as vezes sinto que somos um pouco deixados de lado. Mas, tenho que ressaltar que ja houve uma conversa sobre isso com a coordenacao do programa e eles vem tentando melhorar.  ;Acredito que a pro-reitoria deveria ser mais presente, nem sabemos ao certo quais sao nossos direitos e deveres. Acabamos sendo submissos a coordenacao do programa e dependemos que estes nos repassem informacoes. Quais criterios sao realmente a cargo dos programas de pos decidirem? O que fazer quando discordamos ou acreditamos que fomos prejudicados por decisoes e acoes do programa? 
;
;Acredito que a PPG poderia promover mais eventos sobre redacao cientifica, melhores bases de dados, estrategias de buscas de pesquisas em bases de dados, como identificar lacunas no conhecimento, como fazer ciencia tendo um olhar global, como produzir um artigo cientifico de alto impacto, etc.
;
Sobre a questao da internacionalizacao, temos muitos alunos capazes de desenvolver pesquisa no exterior, mas as bolsas de doutorado sanduiche 0 tem chegado ao programa, infelizmente.;
;
;
Durante a pandemia a comunicacao ficou muito prejudicada, os alunos 0 recebiam todos os avisos por meio de e-mails, a secretaria 0 atendia telefone nem respondia e-mails. Me senti desinformado e perdido sobre prazos e requisitos para matricula. ;
;
;
;
;
A comunicacao e horrivel, sabemos pouco ou nada do que vem sendo feito, a secretaria do Programa parece nem existir e o coordenador do Programa surge quando precisa dos alunos apenas.;
A comunicacao e horrivel, sabemos pouco ou nada do que vem sendo feito, a secretaria do Programa parece nem existir e o coordenador do Programa surge quando precisa dos alunos apenas.;
A comunicacao e horrivel, sabemos pouco ou nada do que vem sendo feito, a secretaria do Programa parece nem existir e o coordenador do Programa surge quando precisa dos alunos apenas.;
;
;
;
O programa e otimo, transformou minha vida. No entanto, os processos seletivos do programa poderiam utilizar de maneira mais especifica a prova da anpad, principalmente referente ao processo seletivo de doutorado. ;Estou satisfeito 
;
;
;
;
;
0;0
;
;
;
Estou muito satisfeito com a estrutura e aspiracoes do programa.;Estou muito satisfeito com a comunicacao e todo o trabalho da Pro-Reitoria de Pesquisa e Pos-Graduacao
;
O Programa de Pos-Graduacao em Partimonio Cultural Paisagens e cidadania,visa formar profissionais que contribuam para a producao de conhecimentos critico e eticamente comprometido, fomentando a melhoria da qualidade de vida da comunidade.;0
;
-;-
;
Vejo a necessidade de acompanhamento de profissional de saúde mental na trajetoria dos pos-graduandos. Muitos se perdem no caminho por varios motivos. Uma direcao psicologica seria uma boa alternativa para manter a saúde mental do pesquisador em dia.;Vejo a necessidade de acompanhamento de profissional de saúde mental na trajetoria dos pos-graduandos. Muitos se perdem no caminho por varios motivos. Uma direcao psicologica seria uma boa alternativa para manter a saúde mental do pesquisador em dia. Isso reflete na qualidade da pesquisa e qualidade de publicacao. Avaliem com carinho essa possibilidade. Grandes empresas como GOOGLE ja vem trabalhando qualidade emocional em seus colaboradores com excelentes resultados. 0 deve ser tao dificil reunir os pos-graduandos mensalmente, pelo menos os que quiserem a principio. Casos especificos podem ser orientados a divisao de psicossocial  da UFV, para acompanhamento dedicado.  Pelo menos um ano de teste para apurar os beneficios. A trajetoria da pos-graduacao nem sempre e um caminho prazeroso e isso pode mudar. 
;
Me sinto extremamente contemplada com meu programa de pos graduacao, com oportunidade de conhecimentos em varias areas e tambem a valorizacao de minha area de formacao;
;
;
;"Gostaria de dizer que a agroecologia deveria ser mais valorizada pelo Pro Reitoria de Pesquisa e pela UFV em geral. Recebemos pouco incentivo, somos um programa 4 e sem a contribuicao da instituicao infelizmente 0 conseguiremos avancar.
Alem disso, faco uma ressalva, pois transferencia de conhecimento para a sociedade e um termo muito inadequado. Quando vamos a campo deveriamos compartilhar, socializar, e principalmente, construir o conhecimento junto as pessoas e a sociedade."
;
;
;
;
;
;
0;0
;
Estudos cientificos com Cannabis se faz urgente ;
Estou satisfeita com o meu programa. Apesar de algumas dificuldades relacionadas a condicoes de laboratorios e recursos para as pesquisas, o treinamento tem sido de boa qualidade.;Estou satisfeita com o trabalho da Pro- Reitoria de Pesquisa e Pos-graduacao. Atendem bem as demandas dos estudantes na solucao de problemas e prezam muito pela qualidade dos programas.
;
;
;
;
;
Programa de relevancia nacional;Excelente trabalho
Iniciei o mestrado em agroquimica no final do ano de 2020, logo, encontro muitas dificuldades no andamento da pesquisa devido ao periodo em que estamos vivenciando. Porem, estou bastante satisfeita com as disciplinas oferecidas, e com a assistencia do meu orientador e co-orientador que sempre estao a disposicao para auxiliar no que e possivel fazer dentro de nossas limitacoes do momento.;
;
;
;
;
;
Seria bom tentar ter mais convenios internacionais e trabalhar como programa e 0 como laboratorio de pesquisa ( individualmente) ;Deveriam comentar programas para dominio de lingua inglesa e tentar gerar mais convenios internacionais 
;
;
0;0
;
;
;
;
;
;
;
;
;
;
Devido a estrutura e a capacitacao do programa, deveria haver um melhor conceito de avaliacao junto a CAPES;
;
;
;
;
;
;
;
;
;
;
;
;
;
;
;
;
;
;
;
O Programa de Pos-Graduacao em Arquitetura e Urbanismo tem inteira capacidade intelectual para a internacionalizacao e avanco tecnico e cientifico, porem a limitacao de recursos financeiros dificulta o desenvolvimento do programa.;
;
;
;
;
O Programa de Pos-graduacao em Arquitetura e Urbanismo e otimo. Os professores sao muito bons e todos sentem-se muito confortaveis. Porem, falta infraestrutura basica em alguns momentos, como por exemplo nos laboratorios, na propria sede do programa. Coisas que atrapalham, por exemplo, a permanencia dos alunos ali. Alem disso, cortes de bolsas afetaram diretamente o programa e a pandemia atrapalhou muito com o psicologico de varios alunos.;0 tenho conhecimento para opinar. Mas quando precisei no meu mestrado, fui muito bem atendido. 
;
Considero um programa bem estruturado e com largo potencial de producao cientifica.;
Agradeco a oportunidade!;
;
;
;
;
;
;
;
;
;
;
O PPG.au e seus alunos fazem milagre em relacao as pesquisas desenvolvidas, visto o descaso com o ensino/pos-graduacao no Brasil. ;
e um programa muito novo, acredito que ha muito potencial, mas ainda estamos no inicio. ;
;
Estou muito satisfeito com o programa. Os professores sao muito qualificados e dedicados. Os temas pesquisados, em sua maioria possuem grande relevancia social e cientifica.;
;
;
;
0;0
;
0.;0.
;
Gostaria de uma atencao especial em relacao a adiamento dos prazos devido ao momento causado pela pandemia ;Gostaria de uma atencao especial em relacao a adiamento dos prazos devido ao momento causado pela pandemia 
;
;
;
;
;
;
Iniciei agora e 0 eu tempo para avaliar todas essas questoes.;
;
;
0.;0.
;
;
;
;
;
A secretaria do programa necessita ter maior pro atividade ja resolucao de problemas;
;
;
;
;
-;-
;
O programa tem demonstrado disponibilidade no controle e avanco nas qualificacoes de seus alunos, bem como melhorias nos processos de aprendizagem.;Rapidez na comunicacao e estimulo ao conhecimento.
;
;
;
;
;
;
;
;
e necessario maior internacionalizacao(maior fluxo de discentes e docentes por prazos razoaveis) com incremento de parcerias solidas de pesquisas com pesquisadores de instituicoes estrangeiras, alem de incrementar disciplinas e cursos online(modo sincrono e assincrono coligados) com professores e pesquisadores de outras instituicoes(nacionais e estrangeiras).;e constituida por uma equipe competente, diligente e prestativa.
Excelente. Professores com vasto conhecimento e orientadora muito competente.;Atenciosos e sempre dispostos a ajudar
;
Que o Programa esteja sempre ao lado da PPG na busca de melhorias para o curso e junto ao CCB na luta para garantir o funcionamento do NMM.;Espero que a Pro-Reitoria de Pesquise e Pos-Graduacao, juntamente com a Reitoria, sejam parceiras dos pesquisadores e pos-graduandos e brigue por mais recursos em Brasilia!
;
;
;
0;0
;
;
;
;
;
;
;
;
;
0;0
;
;
;
;
;
;
No momento 0;No momento 0
No momento 0;No momento 0
;
;
;
;
;
;
;
;
;
;
;
;
;
;
Good;Hardworking person and always encourage students to study in order to achieve their educational goals.
0;0
;
;
0;0
Criacao de um melhor direcionamento dos alunos que entram na pos graduacao para pesquisas de interesse.;0.
;
;
;
;
;
;
;
Nada a declarar;Nada a declarar
;
;
;
Programa com grande crescimento nos últimos anos e promotor de diversos avancos cientificos na area da botanica.;Atuante e efetiva na instituicao.
;
;
;
;
;
Nosso programa cresceu muito nos últimos anos, tanto que alcancamos conceito 5 na CAPES. Nos últimos dois anos a palavra mais utilizada dentro do nosso programa e internacionalizacao e algumas medidas ja foram adotadas para isso. Acredito que em um futuro proximo nos encontraremos em CAPES maiores, considerando o esforco que vem sendo despendido em prol da melhoria do Programa. ;
;
;
;
;
;
;
0;0
;
;
0;0
;
Acredito que os professores do programa poderiam explicar em palestras ou debates online sobre os editais de pesquisas em formato sanduiche. Dessa forma os alunos interessados terao mais facilidade em compreender as possibilidades de internacionalizacao.;
;
;
Tenho um carinho grande pela minha orientadora, pelos professores e colegas de turma sao acolhedores, tive muito apoio no momento mais dificil. So tenho agradecer a todo o programa pela forma que foi conduzido o programa de forma remota. No comeco tinha um pouco de dificuldade, mas senti que todo suporte para uma experiencia incrivel.;Eu sei foi um trabalho muito grande para adaptar de forma pelos professores e pro-reitoria para tornar possivel e dar continuidade ao trabalho. Acredito que foi uma experiencia incrivel.
;
;
;
;
;
;
;
;
;
;
;
Acredito que o programa e excelente, e na minha area em especial, consegue bons resultados apesar de ter poucos recursos em comparacao com os maiores pesquisadores da area.;Na minha experiencia, sempre foi muito acessivel e solicita.
0;0
;
;
;
;
Professores qualificados e capacitados.;
;
Pessoas que pensam apenas no lucro a ser conquistado com as publicacoes. Professores desatualizados, praticamente ausentes. A maioria sequer sabe escrever em ingles. ;e isolada da comunidade e so aparece quando ha interesses politicos. 
;
;
ñ;ñ
;
Acho q muitas coisas ficam a cargo do orientador, e os resultados das pesquisas acabam variando de acordo com a forma que o orientador lida com o aluno. Bem como, o bem estar do aluno.;
;
;
;
O programa em si e espetacular, sempre dando total atencao aos alunos. ;
;
0;0
Que a condicao mental e humana fosse melhor trabalhada na relacao entre orientadores/professores e alunos. Um ambiente de pesquisa saudavel e harmonico e fundamental para que os resultados de producao academica acontecam. Que o programa entenda que vida pessoal tambem e extremamente importante e necessaria, que todos apresentamos problemas fora do ambiente academico e que isso pode impactar profundamente em nosso trabalho. Que o ambiente da pos-graduacao seja mais acolhedor e menos hostil e competitivo, onde os alunos possam ser vistos em sua totalidade e complexidade e 0 somente como uma maquina de producao de artigos que 0 tem direito de errar, cansar, ou adoecer. Que os professores entendam que a pos-graduacao e um ambiente de ensino e que estamos ali para aprender e que 0 chegamos ali sabendo tudo, ou seja, os erros e tentativas fazem parte desse processo e que eles precisam exercer realmente o papel de orientadores nesse caminho.;Que a pro-reitoria de pesquisa e pos-graduacao possa criar mecanismos e ferramentas verdadeiras e eficazes para que o processo de mestrado e doutorado seja mais humano e acolhedor. Onde a saúde mental e fisica dos seus discentes e docentes sejam tao importantes quanto a producao cientifica. 
;
;
;
;
0;0
;
0;0
;
;
;
;
;
;
;
;
;
;
;
Estou satisfeita com o programa;Divulgacao de como os alunos podem requerer auxilios para apresentacao de trabalhos em congressos e se estes podem pedir mesmo sem ser bolsista. As1 como monitorias entre outros auxilios 
;
0;0
;
;
;
;
;
;
;
;
;
;
;
;
O Programa de Pos Graduacao em Ciencia da Nutricao dispoe de otima infraestrutura e laboratorios. Alem disso, possui otimos professores que estimulam o senso critico e nos auxiliem na conducao da pesquisa seguindo todo rigor metodologico. ;
;
;
;
;
up;up
;
;
;
;
;
;
;
;
0;0
0;0
;
;
Mais ajuda financeira: bolsa de pesquisa e recursos para projetos;Mais ajuda financeira: bolsa de pesquisa e recursos para projetos
;
;
;
;
Aumento nos investimentos na infraestrutura do programa e maior captacao de recursos. Grande parte das melhorias que ocorrem no programa sao em virtude de recursos proprios captados pelos laboratorios. Pouco se ve vindo por parte do programa. ;
;
;
;
;
;
;
;
Gostaria de destacar a mao-de-obra qualificada, tanto em relacao aos docentes quanto discentes. Somos engajados e motivados a fazer pesquisa seria, relevante e de qualidade em prol da nossa sociedade. ;
;
;
;
Falta mais interesse de comunicacao de parte dos coorientadores do projeto, pois na pandemia ja e dificil e on-line ainda dificulta mais de se esperar a comunicacao .;
;
;
;
No meu programa a internacionalizacao ja iniciou.;
;
;
;
;
;
;
;
;
;
;
;
;
;
;
;
0;0
;
;
;
Os esforcos principalmente para pesquisas de tecnologias sustentaveis sao de grande excelencia no meu programa, porem por falta de recursos muitos 0 conseguem ser terminados com a excelencia que deveria, prejudicando o avanco  na utilizacao de boas tecnologias sustentaveis e solucoes para os atuais problemas ambientais que enfrentamos.  ;Acho que deveria aumentar os esforcos e vinculos com outras instituicoes  para que possamos lutar para que os investimentos na ciencia 0 cessam, as vezes nos alunos temos a sensacao de que nada e feito, para lutarmos por melhorias as  universidades e pro-reitoria deveriam ter mais voz ativa e lutar por todo um legado na pesquisa.  
;
Ao programa falta empatia pelo corpo discente, 0 ha bom senso em suas decisoes e dogmas sao criados sem o respaldo regimental;Ao longo dos anos, criou-se um mecanismo vagaroso e ineficiente de procedimentos juntos a PPG (processos infindaveis, um conselho conservador e formularios e etapas varias). e preciso tornar isso facil e de bom senso 
;
;
Somente agradecer a todos envolvidos no Programa, sempre muito prestativos, dispostos a acolher e ajudar. ;Todas as vezes que precisei recorrer a PPG foi muito bem orientada e atendida. 
;
Tudo bem;Tudo bem
;
;
;
;
O programa se esforca muito para auxiliar os pos-graduandos e atender as exigencias que precisam ser cumpridas mediante os orgaos financiadores e tudo mais. Tem estado muito aberto ao dialogo, a nos ouvir e a nos esclarecer sempre. Especialmente agora durante a pandemia. 0 mede esforcos. A secretaria como um todo e nota 10. A coordenacao poderia ser um pouco mais aberta as demandas dos pos-graduandos, mas creio que estamos no caminho. ;Gostaria de ver a PRPPG mais atuante diante do cenario catastrofico que a Ciencia e a Pesquisa estao passando. Cortes e mais cortes de bolsas, etc etc estamos sendo massacrados. A desmotivacao esta sendo constante e ampliada ainda mais pela pandemia. 
;
;
;
;
;
;
;
;
;
;
;
A mudanca de coordenacao foi muito positiva. ;
;
;
;
0;0
Em relacao a nota dada sobre Laboratorios e Salas de Estudos, foi direcionada ao segundo componente, visto que acredito que os Laboratorios sao muito satisfatorios.;
O programa tem buscado solucionar os principais problemas enfrentados pelos discentes. Sao muito interessados e buscam motivar a todos;
;
;
Estou satisfeita. Seria interessante definir os objetivos e valores e melhorar a internacionalizacao. Reconheco tambem que preciso melhorar a fluencia no ingles para isso.;Eu sinto falta de reunioes gerais para repassar alguns assuntos como normas e bolsas. Isso foi mostrado apenas no primeiro semestre do mestrado.
;
;
;
;
Os computadores da sala de estudo sao antigos e os alunos tem de usar os proprios para 0 comprometer a pesquisa;Poderia ter um auxilio para compra de material para pesquisa (ex. Notebook). Com a alta no preco, o valor dos produtos podem comprometer a renda do aluno. 
;
;
Os computadores da sala de estudo sao antigos e os alunos tem de usar os proprios para 0 comprometer a pesquisa;Poderia ter um auxilio para compra de material para pesquisa (ex. Notebook). Com a alta no preco, o valor dos produtos podem comprometer a renda do aluno. 
Parabenizar e agradecer a equipe coordenadora por todo empenho, dedicacao e atencao com os alunos.;
Ha muito esforco da parte do programa de pos graduacao, mas a dificuldade maior e a escassez de recursos. ;A pro-reitoria deviria apoiar mais os pos graduando e dar uma atencao especial para a internacionalizacao, somos cobrado quanto a ter uma boa proficiencia em ingles, mas falta suporte, cursos acessiveis, a bolsa e de valor muito baixo para termos que arcar ainda com cursos caros em ingles.
;
;
0;0
Quero parabenizar ao Programa de Mestrado Profissional em ter  edital para os servidores tecnicos administrativos, o que possibilitara trazer inovacoes para o local de trabalho;
Muito bom;Muito resolutiva 
;
;
;
Excelente em comunicacao entre todos os servidores, docentes e discentes e, acolhimento sem igual. ;Tem feito um trabalho muito importante dentro da Ciencia que transcende as 4 pilastras. 
Excelentes mestres, ambiente acolhedor ;
;
;
;
;
;
;
;
;
"Bom acesso a professores e funcionarios do programa; acolhimento; reconhecimento. Uma experiencia que tem me fortalecido como pesquisadora e como proissional.";Muito acessiveis e comprometidos.
;
;
0;0
Estou bastante empolgado com o programa e sei que sera um marco na minha carreira profissional. Trabalho diretamente com pragas e doencas e manejo integrado e o programa vai de frente com meu dia a dia;
No momento 0.;Sem comentarios, para este momento. 
;
Tenho otimas perspectivas e interesse em aperfeicoar meus conhecimentos nessa area e levar para o meu campo profissional, levando informacoes relevantes para os produtores e colegas.;Sao profissionais de alto nivel e bem preparados para a funcao a qual exercem. 
;
;
Agradecimento.;Agradecimento.
;
;
;
;
;
;
O programa precisa buscar maneiras de diminuir a burocracia interna e focar mais na producao cientifica dos discentes e docentes.;
;
;
;
;
;
;Acho que ha uma necessidade maior de adequacao da PPG com esse periodo de pandemia e aulas remotas, pois observei que algumas regras sao impostas posteriormente a comunicacoes com alunos sobre determinados assuntos. Isso tras uma certa confusao por causa das diferencas de decisoes tomadas pela pos em um curto espaco de tempo.
;
;
;
;
;
;
;
;
;
;
;
0;0
;
;
;
;
;
;
;
;
;
;
;
;
;
;
;
;
;
;
;
"No geral o programa e bom. Para os alunos com senso critico, as aulas permitem a associacao entre as teorias e aplicabilidade. No entanto, os discentes, como todos os seres humanos, maximizam o bem-estar: alguns se acomodam ao ver que alguns dos docentes mais experientes (volto a dizer,  que entraram antes de 2016) estao acomodados; outros (minoria) buscam por producoes qualificadas e exploram o maximo que o programa tem a oferecer.

As1, o programa tem uma representatividade media a nivel nacional e bem abaixo da media, e tambem da mediana (que considero ser menor que a media), em nivel internacional. O que deixa o programa abaixo do razoavel no quesito internacionalizacao.";"As coisas boas 0 precisam ser ditas, pois espera-se que estas continuem constantes. As1, do meu ponto de vista, a minha critica e que a PPG precisa assumir algumas diretivas que estao alem do regimento geral da pos-graduacao. A impressao que passa e que a PPG pensa que os discentes sao analfabetos funcionais, distorcem o conteúdo das portarias (principalmente da CAPES), para justificar determinadas acoes. Se por qualquer motivo a PPG quer estabelecer regras mais restritas as estabelecidas pela CAPES, sugiro que assumam a autoria com  TRANSPAReNCIA destas normativas para que os discentes sofram menos com os desgastes burocraticos. Lembro que TRANSPAReNCIA e um principio constitucional (com sabor soberanizado) e portanto que esta acima da autonomia das universidades.
"
;
;
;
;
;
otimo centro, tem bons professores, mas ainda tem o que melhorar.;
"Acho que o programa precisa reformular algumas disciplinas como a eru 627 e eru 626. Todo o conteúdo desdas disciplinas sao importantes, porem a quantidade de conteúdo dessas disciplinas e gigantesco e o 1ples ato de ""passar a materia"" 0 contribui para o aprendizado. Deveriam focar apenas em alguns temas especificos e deixar os outros conteudos para uma outra disciplina. ";"Aumentar a transparencia dos processos da ppg, pois colocar no sistema apenas ""deferido"" ou ""indeferido"" 0 garante transparencia sobre os motivos de tal despacho. "
Precisa melhorar em muitos aspectos. Quando eu entrei no programa me foi dito que o foco do programa era formar pesquisadores. Na minha opiniao, acho que o programa precisa melhorar muito para poder alcancar tal objetivo. ;0.
Disponibilidade de mais computadores com grande desempenho para rodar modelos pesados.;Disponibilizar uma direcao de traducao juramentada dos diplomas em pelo menos tres linguas (Ingles, Frances e Espanhol). Disponibilizar as traducoes no sapiens.
;
O Programa e otimo! Mas ainda precisa de mudancas, novos professores, novas parcerias, boas estrategias para elevar a qualidade da nossa (estudantes) producao cientifica. Desejo muito contribuir para que o programa alcance o conceito CAPES 6.;
;
;
Clareza no Regimento;Clareza no Regimento
;
;
Uma demanda urgente em relacao ao programa pelos estudantes e a mudanca de nome, uma vez que, a economia domestica 0 existe mais e isso restringe a quase zero as oportunidades de participacao em concursos e instituicoes. Se ja foi modificado o curso para Servico Social, e area de dominio da pos graduacao do programa estar no servico social, e a extincao da Economia Domestica, 0 faz nenhum sentido sairmos com diploma em Economia Domestica, dessa maneira, nosso diploma e um natimorto. ;
;
0.;0. 
Acredito que seja um programa muito importante tanto do ponto de vista academico quanto social. O corpo docente e discente e composto por profissionais e academicos de varias areas de atuacao, fazendo-o interdisciplinar e multidisciplinar, gerando pesquisas diversas, ainda que dentro da area de concentracao e das linhas de pesquisa. ;
;
;
;
;
Gosto muito, as professoras, orientadoras e coordenadora tem sido de muita ajuda com meu projeto de pesquisa.;Eles estao sempre dispostas para ajudar.
;
;
;
Falta mais envolvimento dos orientadores no desenvolvimento das pesquisas. ;
;
;
0.;0.
;
"Acredito que o programa seja fraco em seus objetivos como um todo, tambem falta um compromisso da comissao coordenadora e dos docentes para que haja efetiva orientacao e acompanhamento dos trabalhos dos pos-graduandos - apenas se cobram prazos e 0 se orientam devidamente as pesquisas, a reclamacao e comum sobre muitos orientadores. 

Ha algum tempo se discute entre os discentes que o objetivo do programa e a titulacao deveriam ser revistos: mudanca de ""pos-graduacao em Economia Domestica"" para algo como ""Sociedade, Familia e Politicas Públicas"" ou mesmo ""Servico Social"". A titulacao 0 permite uma boa entrada no mercado de trabalho por estar desatualizada ou descontextualizada, uma vez que o proprio curso de graduacao em Economia Domestica 0 existe mais. Ha grande resistencia por parte do corpo docente em revisar este tema. ";0. 
Tenho pouco tempo de pos graduacao e pos-graduacao e em funcao das atividades serem remotas, 0 consigo responder a todas as questoes com exatidao.;
Nada a comentar. Sou recente no programa. Estou no mestrado, ainda apreendo um pouco da pos graduacao.;Nada a declarar.
Pesquisas muito importantes para o desenvolvimento social ;
;
;
e um Programa de excelencia com professores Doutores de profundo conhecimento;
;
;
;
;
;
O programa e muito abrangente em relacao as areas de estudo, e isso e muito positivo para ja que permite aprender de outras disciplinas e compartilhar conhecimento sobre diferentes temas com os colegas.  ;
;
;
;
;
;"O sistema  de cobranca  de ingles  e  elitista e excludente; cada programa  deveria ter seu proprio coeficiente  de rendimento."
;
;
;
;
;
Espero a qualificacao dele junto a essa avaliacao da CAPES.;O questionario 0 pensa as particularidades dos ppgs em ciencias humanas.
0.;0.
;
;
;
;
;
0.;0.
;
;
;e preciso que a Universidade favoreca o estabelecimento dos programas 3 e 4 para a expansao do acesso qualificado na formacao para pesquisa e docencia do ensino superior, em diferentes areas. Tal como os demais, estes tambem buscam e tem potencial para contribuir na expansao da UFV e avanco da producao de conhecimento no pais.
Encantada com o acolhimento e estimulo p producao cientifica. ;
0.;0.
;
Considero que o Programa esta se fortalecendo e tem buscado nos auxiliar na condicao de estudantes nesse momento dificil. Alguns questionamentos desse formulario, foram bem complicados pra minha resposta. Imagino que em breve teremos mudancas exitosas para a avaliacao do Programa.;Achei muito importante os momentos de acolhida e esclarecimentos oportunizados pela coordenacao.
Toda a equipe trabalha muito em prol do melhor desenvolvimento do programa e dos estudantes. Precisamos de fomento a pesquisa nas ciencias Humanas. ;otimo trabalho desenvolvido e sempre muito solicitos. 
;
Muito organizado, estou gostando muito, estou iniciando o mestrado neste semestre na turma 2021/1.;Gostaria de agradecer pelo trabalho de voces em prol da comunidade academica.
;
Infelizmente nosso programa necessita de financiamento para que aumente a nota, porem no atual governo as humanidades 0 tem apoio.;Infelizmente enxerguei que esse formulario se alinha totalmente com as nocoes de que  producao cientifica e aquilo que produz inovacao tecnologica. As perguntas sobre impacto social foram extremamente pobres. Inclusive, ate nessas perguntas, a ideia de impacto era voltada para uma nocao tecnicista. Desta maneira, sem o PPG compreender a dimensao das humanidades, realmente os programas da area sempre ficarao sucateados.
O programa tem enfrentado e enfrentara dificuldades de manter sua produtividade, uma vez que 0 ha uma bolsa sequer de mestrado.  0 ha verba para custear a participacao em eventos, nem de publicacoes, muito menos produzir eventos. As pesquisas estao sendo financiadas pelos proprios pesquisadores.  As condicoes colocadas pelo  comite de etica tambem colocam dificuldades, uma vez que 0 ha consideracao das diferencas metodologicas entre ciencias. ;
;
;
;
Programa excelente! Muito bem estruturado, disciplinas relevantes, professores maravilhosos. Muito solicitos com todas as necessidades dos estudantes.;
;
;
;
Ainda estou conhecendo o programa mas ja consigo perceber , que o programa oferece o melhor para os alunos;
;
;
;
;
;
e um programa que representa o papel do professor como mediador do conhecimento e do aluno como membro ativo participante do processo de construcao do seu proprio conhecimento. O professor recebe o titulo de membro capaz de ressignificar e inovar de forma concisa, coerente, critica e criativa o seu papel de docente na atual cultura contemporanea.;
e um programa que representa o papel do professor como mediador do conhecimento e do aluno como membro ativo participante do processo de construcao do seu proprio conhecimento. O professor recebe o titulo de membro capaz de ressignificar e inovar de forma concisa, coerente, critica e criativa o seu papel de docente na atual cultura contemporanea.;
;
0;0
;
;
;
;
;
;Oferecer o retorno/feedback das pesquisas realizadas a comunidade discente. 
;
;
;
;
;
Mais dialogo! Os alunos permanecem muito soltos. Ha cobrancas para pouco apoio. Sem presenca. So querem resultados ;0
;
;
;
;
0.;0.
0;0
;
;
;
;
;
0;0
;
;
;
;
;
0;0
;
;
;
Meu Programa de Pos-Graduacao e conceito CAPES 6. Entretanto, apesar do alto conceito, o retorno financeiro relativo a bolsas dos discentes esta em decrescimo. Nunca foi esperado que um Programa com este conceito recebesse apenas duas bolsas de Doutorado, conforme foi este ano de 2021. e evidente que implicara em menos discentes contribuindo, e a qualidade e conceito cairao. ;
;
0 se aplica ;0 se aplica 
;
;
Pesquisa de campo 0 tem estrutura e recursos financeiro para fazer um trabalho de qualidade.;
"O PPGEA esta se reestruturando quanto ao time de professores, disciplinas e no processo seletivo. Mesmo sendo conceito 6, o programa ainda demonstra evoluir o número e a qualidade das publicacoes; promove o processo de internacionalizacao e se modernizar com presenca nas redes sociais (Facebook, Instagram e Whatsapp Business) e questoes documentais (Regimento interno e Adicao da area de concentracao nos diplomas do PPGEA).";"A PPG poderia promover:
- Processo de avaliacao semestral das disciplinas;
- Videos institucionais para os estudantes compreenderem o uso das principais plataformas utilizadas durante o treinamento de pos-graduacao (Sapiens, AcademicoPG, SISPPG, etc), principalmente para aqueles discentes do exterior e/ou que 0 fizeram o curso de graduacao na UFV;
- Promocao de eventos, seminarios e reunioes para cuidar da saúde mental e bem estar dos pos-graduandos e professores;
- Aplicar o ""Questionario de avaliacao de fim de curso"" para que o pos-graduando consiga retirar seu diploma. Nesse questionario podera ser avaliado: (i) atendimento das expectativas no programa matriculado e da PPG-UFV; (ii) nivel de conhecimento adquirido com o treinamento; (iii) número de publicacoes; (iv) realizacao de atividades complementares (monitoria, representacao discente, projeto de extensao, intercambio, curso de capacitacao realizado na UFV e externamente, participacao em congresso nacional e internacional); (v) número de meses com bolsa; (vi) o que pretende fazer apos o treinamento (doutorado, pos-doutorado, abrir um empresa, prestar concurso público, trabalhar com consultoria, ano sabatico, etc); (vii) passou por algum assedio (moral, sexual ou psicologico) durante o treinamento; (viii) praticou alguma atividade fisica durante a pos-graduacao; (ix) frequencia de utilizacao do RU e BBT; (x) qual meio de transporte utilizado para ida aos departamentos (bicicleta, moto, carro, onibus, caminhando) ; (xi) tinha renda complementar: ajuda da familia, aluguel, freelancer, bicos; (xii) morava sozinho ou com mais pessoas (dividia apartamento, morava em república, era casado, tinha filhos)."
;
;
;
O programa e excelente!;PPG e excelente!
;
;
;
;
;
;
;
;
;
;
0;0
"Seria prudente que fosse reavaliado a permissao da atuacao profissional do discente durante a pos-graduacao do bolsista em outras oportunidades de trabalho. No momento e permitido que o discente trabalhe, alem da bolsa, apenas dentre no campus Vicosa da UFV e 0 em outras instituicoes de ensino, mesmo na mesma cidade. Ter um trabalho alem da bolsa, especificamente em instituicoes de ensino, serviria para o enriquecimento do curriculo do discente, alem de ajuda-lo em aportar maiores recursos financeiros. O curriculo advindo da experiencia do aluno na area discente o ajudaria em pontuacoes em concursos públicos e aprimoraria a sua didatica, fase tambem existente em concursos. Consequentemente, aumentaria a qualidade dos egressos formados pelo departamento. Para trabalhos que 0 sao areas de ensino potencializaria a difusao e aplicabilidade do conhecimento para a sociedade e seria de valia para a experiencia do discente. Tal experiencia tem o poder de percepcao de novas demandas para novas pesquisas e atender melhor a sociedade e o ineditismo para a pesquisa academica.

Que sejam avaliadas formas de permitir atuacao e vinculo empregaticio com a manutencao da bolsa, exceto vinculo empregaticio quando aprovado em concursos públicos. Que seja apos o aluno submeter e ter o aceite de pelo menos um artigo. Seja pelo rendimento em disciplinas. Seja pelo conhecimento e aprovacao direta do orientador (acredito que esse seja fundamental). O relacionamento e conhecimento orientador-aluno pode possibilitar melhores condicoes e avaliacoes de cada caso. Se o orientador entender que o aluno pode trabalhar e ter vinculo empregaticio (exceto concurso público) em outro local foram o campus UFV, o mesmo pode revogar a decisao e fazer com o que o aluno se limite apenas a bolsa e a atuacao exclusiva de e como discente. Caso o aluno 0 respeite a decisao, o orientador pediria cancelamento da bolsa. Seria aplicar o dito popular que ""o combinado 0 sai caro"".

Todos queremos melhores condicoes em todos os ambitos e fazer um bom trabalho. Visto isso, peco humildemente, que tais consideracoes sejam observadas.

Muito obrigado.";Para as condicoes ditas sobre o Programa, que sejam avaliadas situacoes da mesma natureza.
;
;
;
0.;0.
;
;
;
;
;
0;0
;
e um programa com um nivel de conhecimento excelente, alem de muito unido. O saber 0 fica restrito a uma única pessoa, ele e compartilhado para com as demais e isso melhora o desempenho de todos.;
Os orientadores precisam ser mais frequentes nas pesquisas realizadas, da mais atencao aos alunos e ajuda-los em questoes de publicacoes.;Poderiam colocar uma avaliacao em que os alunos avaliem os professores do programa quanto as disciplinas disponiveis, orientacoes, atencao ao aluno, resposta aos e-mails, etc.
;
;
;
;
;
O programa de pos da Engenharia Agricola ao querer forca o aluno ao estresse maximo, com tantas avaliacoes e riscos de ser jubilado do programa peca no principal que seria focar em pesquisas melhores, incentivando aos alunos a pensarem em pesquisas melhores. Entretanto, isso 0 e possivel devido a tantas exigencias a serem cumpridas, restando pouco prazo para dedicar realmente a sua pesquisa.;
;
;
;
;
Conceito Capes 6, um otimo programa de pos-graduacao, possui excelente infra estrutura, porem muita burocracia quando o assunto e parcerias com empresas privadas.;
;
;
;
;
;
Excelente programa, porem precisamos de mais recursos para desenvolvimento das pesquisas;
;
;
;
;
;
;
;
;
;
;
;
;
Acredito que as pessoas que integram o Programa de Pos-Graduacao desenvolvem um trabalho primoroso, no entanto, a necessidade de melhor a estrutura fisica, como adequar os laboratorios de analises, sao demandas que precisam ser solucionadas a fim de conferir visibilidade e avanco nas pesquisas desenvolvidas.;
;
;
;
;
O Programa de Pos-graduacao em Engenharia Civil poderia deixar mais claro os criterios de concessao de bolsas.;Poderiam tentar ampliar o número de bolsas para pesquisa.
;
;
;
;
;
;
;
;
;
;
;
;
0;0
Os professores sao muito solicitos, competentes e atenciosos.;Gratidao! otimos no atendimento. Contud, acredito que seria interessante um carinho maior com relacao ao oferecimento e suporte a lingua estrangeira por parte da universidade.
"As areas de concentracao sao muito dispersas, algumas com elevado indice de publicacao e outras com baixo indice; sugiro rever as areas de concentracao, visando melhoria do conceito do programa";
0;0
;
;
;
Gostaria que a secretaria do programa respondesse os e-mail que encaminho para esclarecer dúvidas.;0
;
;
;
;
0;0
;
;
;
;
;
;
;
;
;
;
;
;
Programa com muito potencial, principalmente se estreitarem os lacos entre as areas de atuacao.;Sempre prontos para dar suporte e informacoes claras. Ja me auxiliaram muito.
;
;
;
;
;
;
;
;
;
;
"O programa e excelente e muito bem estruturado. O problema e a necessidade de uma reciclagem por parte de alguns professores ""orientadores"", que acabam por desmotivar e atrapalhar a carreira academica de seus orientados. Seria ideal a substituicao desses professores apos analisar o nivel de satisfacao de seus orientados. Tem orientador (e 0 sao poucos) que nem sabem com o que seus orientados trabalham. Fora que tem laboratorios que os estudantes tiram dinheiro do bolso pra conseguir manter uma criacao de inseto e/ou realizar a pesquisa.";0.
;
Satisfeito;Satisfeito
;
;
;
;
;
;
;
;
0;0
Apenas gostaria que aulas de ingles fossem oferecidas pelo programa de forma gratuita e obrigatoria na grade curricular, e incluidas todos os semestres, tanto no mestrado quanto doutorado. e muito frustante ser altamente cobrado nesse quesito e 0 ter dinheiro para acessar qualquer curso de ingles.;Idem questao anterior. Se 0 um, quem sabe o outro poderia ajudar.
Eu acredito que o meu Programa de Pos-graduacao em Entomologia da UFV e excelente! e bem visto, temos muitas parcerias com instituicoes internacionais, sempre buscamos por melhorias e isso e muito bom! Alem disso, contamos com um corpo de professores excelente!... Tenho muito orgulho de fazer parte do Programa.;Gostaria de agradecer pelo trabalho de voces em criar e aplicar este questionario, tendo em vista as novas normas da Capes. Fico muito feliz com acao de voces! A coleta desses dados podera ajudar muito cada programa tambem. Obrigada!
;
A PPG ENT e muito boa, os professores e funcionarios muito solicitos e preparados.;
;
;
;
;
;
;
O PPG da UFV, especificamente do Mestrado Profissional em Defesa Sanitaria Vegetal, tem uma qualidade tecnica-cientifica muito admiravel.;
O PPG da UFV, especificamente do Mestrado Profissional em Defesa Sanitaria Vegetal, tem uma qualidade tecnica-cientifica muito admiravel.;
A secretaria do programa e excelente na resolucao de questoes quando solicitada. Os professores em sua maioria sao bastante acessiveis e dispostos a ajudar. Mas acredito que o programa precise reavaliar o quadro e a oferta de disciplinas basicas da area.;Muito solicita e altamente eficiente.
;
;
O PPGEntomologia carece de: 1) infaestrutura de acessibilidade para pessoas com necessidades especiais no predio principal, 2) maior engajamento com o setor empresarial na formacao dos discentes por parte da Comissao Coordenadora e demais orientadores, e 3) promocao de atividades de conscientizacao acerca da saúde mental para professores e alunos. O Programa ja possui boa internacionalizacao e recursos para financiar as pesquisas (refletidos inclusive na avaliacao 7 da Capes), porem pode melhorar.;Parabenizar pela iniciativa de levantar pontos de melhoria e principalmente por buscar o estreitamento do dialogo com os discentes. Alem disso, agradecer pelo otimo tratamento que sempre recebi quando atendida pela Pro-reitoria, seja presencialmente ou via e-mail.
;
;
;
Alguns professores precisarm comecar a ajudar os alunos a publicarem.;0
;
;
;
;
Muito democratico;
Deveria existir alguma regulamentacao aos orientadores pois as vezes sua ajuda aos projetos quase nem existe. A prioridade deveria ser ensinar e embora a publicacao de artigos seja importante, os processos da pesquisa tambem sao importantes e precisam do maior acompanhamento por parte da comissao orientadora ;
;
;
;
;
;
;
;
O programa surgiu esse semestre com obrigatoriedade de apresentacao oral em ingles na disciplina de seminario, acredito que com o intuito de internacionalizar, mas nem todos os discentes possuem fluencia completo em ingles, entao acredito que sera dificil tanto para o entendimento dos seminarios, quanto para a apresentacao dos mesmos. Isso deveria ser algo optativo e 0 obrigatorio aos doutorandos.  ;
;
Excelente Programa;
;
;
;
;
;
;
;
;
;
;
;
;
;
;
;
;
;
;
;
0;0
;
;
;
;
;
;
;
;
;
;
0.;0.
;
0;0
;
;
Fiz tres disciplinas diferentes com um mesmo professor durante esse periodo remoto. Acho que estou sendo enrolado no tocante ao conteúdo ja que o mesmo apresentou basicamente o mesmo conteúdo nas tres disciplinas, tudo em nivel superficial. Acho que isso prejudica o programa no tocante a tentar apresentar aos seus alunos o conteúdo adequado ( e diferentes, afinal sao disciplinas diferentes ).;0 posso avaliar pois 0 tive contato. 
;
;
;
;
;
Fiquei muito impressionado com o  nivel de organizacao, principalmente da secretaria. A facilidade e a boa vontade dos responsaveis em auxiliar os alunos e resolver problemas e algo admiravel. Isso facilita muito a rotina academica deixando o estudante livre para focar 100% em se aplicar nas disciplinas e na sua pesquisa.;
;
;
;
;
;
Excelente programa, com grande disponibilidade e competencia em todos os assuntos, alem de otimos profissionais. ;
;
;
;
;
;
0;0
;
;
;
Bolsonaro Genocida;Fora Bolsonaro
Destaco a atuacao da Coordenacao de pos graduacao, muito competente e ativa no sentido de se dispor a solucao de problemas e diversas demandas dos discentes, em especial o coordenador que e muito competente, dedicado, humanista, compreensivo e diplomatico, sabendo mediar com maestria os conflitos que surgiram durante esse periodo de pandemia. Minha sincera gratidao as equipe da coordenacao e a minha orientadora!;Atendem as demandas burocraticas com rapidez, sao eficientes em relacao ao papel que exercem.
Destaco a atuacao da Coordenacao de pos graduacao, muito competente e ativa no sentido de se dispor a solucao de problemas e diversas demandas dos discentes, em especial o coordenador que e muito competente, dedicado, humanista, compreensivo e diplomatico, sabendo mediar com maestria os conflitos que surgiram durante esse periodo de pandemia. Minha sincera gratidao as equipe da coordenacao e a minha orientadora!;Atendem as demandas burocraticas com rapidez, sao eficientes em relacao ao papel que exercem.
;
;
;
;
;
;
;
;
;
;
;
;
;
O corpo do programa e bastante unido e proativo, de forma que como aluno eu sempre me sinto apoiado.;
;
Acredito que, ao focar em aspectos de produtividade e desempenho, o programa deixa aspectos sociais e humanos dos alunos de lado. Penso que, seria interessante para o programa, como um todo, maior interacao social entre todos do programa, as1 como acompanhamento dos estudantes e orientadores, para que as1 todos estejam satisfeitos e caminhando no seu ritimo para tornar o programa melhor, 0 apenas no aspecto de producao. ;
;
;
;
Excelente programa.;Bom servico prestado.
;
;
;
;
;
;
;
;
;
;
0;0
;
;
;
Meu PPG e um dos mais conservadores e tradicionais da America Latina. Esse contexto atrasa o desenvolvimento de diversas habilidades aos estudantes que, por consequencia, 0 se sentem encorajados a buscar formacoes complementares.;A PPG possui uma otima politica entre os pares. O que facilita a comunicacao e fomenta a resolucao de conflitos. Contudo, a autonomia dentro dos programas de pos-graduacao faz com que os professores 0 sigam regimentos e estatutos. Essa pratica deixa a UFV fragilizada juridicamente, alem de causar inúmeros transtornos aos pares da instituicao, como alunos, servidores, entre outros.
;
;
;
Apesar de ser um programa em Fisiologia Vegetal e de ciencia basica como sempre e frisado em reunioes, creio que seria interessante que pudessem nos mostrar mais oportunidades do mercado de trabalho, porque infelizmente concursos estao dificeis.;
;
Pes1os orientadores;
;
;
;
;
;
Os orientadores serem mais presentes. ;
;
;
;
;
;
;
;
;
;
;
;
;
;
;
;
;
;
;
;
;
;
;
;
O programa tem conceito 7 na capes. A questao central e mentalidade voltada apenas para produzir artigos. A capes investe os recursos em funcao do número de artigos publicados, e 0 em tecnologia. Entao, os profissionais e pesquisadores montam uma estrutura voltada de publicacao. Acredito que essa mentalidade contribui pouco para o desenvolvimento de tecnologias. Os estudantes de pos-graduacao possuem dedicacao exclusiva, 0 podem abrir empresas e estudam para concurso. O ambiente possuem muitas restricoes para estudante que buscam empreender. Normalmente, um profissional demora 10 anos para abrir um negocio para se sustentar e os estudantes de doutorado so podem competir no mercado de trabalho e de tecnologia a partir dos 28-30 anos. ;
Tem muito a melhorar quanto a cobranca para que os orientadores sejam verdadeiros orientadores, que buscam o crescimento profissional do orientado e 0 apenas uma relacao de patrao-empregado egoista para producao de ciencia sem pensar no crescimento profissional.;
0;0
;
Participei de duas semanas de aula ate o momento, e as aulas que tive foram de alto nivel, com professores muito dispostos a ajudar os alunos no entendimento do assunto, estou gostando muito.;espero conhece-los em breve. Ps: muitas coisas do formulario 0 se aplicam a mim, ja que estou iniciando na pos graduacao
;
;
;
;
;
#NOME?;
Os programas deveriam investir em aulas/conteúdos gratuitos para auxiliar os estudantes a adquirir conhecimento base em outro idioma (principalmente ingles), ja que a internacionalizacao e algo muito atual... e ate muitas disciplinas do departamento sao ministradas em ingles.;
A falta de cuidado e consideracao pelos alunos que estao enfrentando problemas psicologicos devido ao momento de pandemia em que vivemos. Muitos orientadores e professores 0 se importam e tratam com descaso a saúde mental de seus estudantes quando estes passam por dificuldades que afetam seu rendimento e produtividade. 0 ha dialogo sobre o bem-estar daqueles que fazem parte do Programa.;"A presenca de um profissional da psicologia em reunioes/decisoes da Comissao Orientadora ao tratar sobre problemas de alunos que 0 atingem coeficiente de rendimento, entre outros, seria muito pertinente. Inclusive para avaliar se a banca de professores e orientadores do Programa atua sem abusos de poder e de forma etica.
Creio que acoes como estas poderiam vir da Pro-Reitoria afim de estabelecer um ambiente academico mais justo e saudavel para todos. "
Preparar melhor os estudantes para comunicar os resultados de pesquisa, investindo mais tempo na etapa de preparacao do produto final (tese, artigo, resumos, apresentacao, etc);Esta funciona adequadamente.
;
;
Alguns dos professores 0 se adequaram totalmente a realidade de aulas virtuais e alem disso,  veem os alunos de forma pouco respeitosa ou pouco profissional. ;Poderia estar mais presente no cotidiano do pos graduando. 
0;0
Somente parabenizar o programa como um todo. A qualidade das aulas, a grande experiencia dos professores. ;0. 
;
Acho que falta um suporte melhor para os estudantes;Me senti muitas vezes abandonado pelo programa, com toda pressao psicologica da pos-graduacao e a pandemia, a pressao e ansiedade foram potencializadas.
;
;
;
;
;
;
;
;
;
;
;
;
;
;
;
0;0
0;0
;
;
;
Poderia ter maior oferta de disciplinas em outros idiomas. ;
;
;
;
;
;
;
;
Tenho um sentimento de que estou meio perdido e desamparado nesse periodo que estamos passando. ;Acho que falta um certo apoio aos pos-graduandos. Tambem falta homogeneidade com o que vai acontecer com nos (pos-graduandos) que tivemos que parar de trabalhar e atrasamos a experimentacao em funcao do fechamento. Ouvimos coisas diferentes dependendo do  programa de pos-graduacao, principalmente se teremos ou 0 prorrogacao de bolsa e de prazo.
;
;
;
Deveria ter mais preocupacao a nivel local , levar o conhecimento adquirido aos locais de maior necessidade no pais ;
;
0;0
;
;
;
;Apenas parabenizar pelo excelente trabalho desempenhado e a interacao que esta ocorrendo com os estudantes.
;
;
Acredito que estou inserida em um dos melhores Programas de Pos-Graduacao do pais e diante da parceira do projeto com a Embrapa Hortalicas tenho muito a crescer e me desenvolver. O programa atraves do meu orientador foi super aberto para a parceria e me possibilita desenvolver os trabalhos fora da instituicao.;Nenhum comentario.
;
Todos fazem um bom trabalho e estao prontos para atender a melhor pesquisa em prol da sociedade;0
;
;
Excelente programa.;So elogios, pessoal trabalha muito bem e busca solucao da melhor forma possivel e de forma rapida.
;
;
"O programa em si e bom, entretanto, observando sua ""idade"" este poderia ser mais bem equipado e desenvolvido, sinto os alunos muito distantes, orientadores distantes, 0 existe uma recepcao de alunos recem chegados, a maioria dos professores tratam os alunos como se todos ja conhecessem a UFV e se graduaram tambem na instituicao. Os alunos ""externos"" ficam perdidos, sem muita orientacao. Esse e um ponto de melhoria. ";
Todos (coordenacao, secretarias e professores) sao excelentes profissionais e possuem como objetivo principal a formacao de recursos humanos de alta capacidade. ;Sempre que busquei ajuda foram atenciosos e prestativos, buscando solucoes rapidas e precisas. Desempenham suas funcoes com muita competencia. 
;
;
;
;
e um programa de excelencia, otimos professores e boa organizacao do programa.;otimo trabalho e agilidade em resolver as necessidades dos alunos.
;
;
;
;
;
;
;
;
;
;
;
;
;Parabens pela iniciativa. 
0;0
;
;
;
;
;
"Sempre muito bem coordenado.
Melhor do pais em relacao a número de disciplinas. 
Frequentemente sao criadas disciplinas novas, acompanhando as evolucoes cientificas e ainda consegue manter as disciplinas basicas. As1, tem ampla opcao de disciplinas oferecidas para os estudantes, isso e muito gratificante para o estudante. ";
;
;
Que a excelencia continue...;Que a uniao seja o fortalecimento de sempre....
;
Excelente programa de pos-graduacao, muito bem estruturado em termos de corpo docente, disciplinas, linhas de pesquisa e programas de melhoramento de diversas especies para desenvolver treinamento e pesquisa. Alem disso, a comissao coordenadora e secretaria fornecem bastante apoio ao estudante durante todo o periodo de pos-graduacao.;
e um programa muito bom e com internacionalizacao, porem deveria ser mais incentivado os eventos internacionais, 0 somente no nome, mas inteiramente em ingles. As aulas em  ingles, os professores serem mais incentivadores disso, fazendo mais parcerias internacionais.  O que 0 acontece com muitos competentes e antigos pesquisadores que tem repulsao com parcerias internacionais, que poderia engrandecer o programas com novas ideias!;Muito pontual, mas poderia ser mais presente na internacionalizacao. Sei que existem verbas, mas poderia incentivar mais fortemente atividades internacionais, cobrar presenca de alunos e fiscalizar quando ha convidados internacionais na Universidade. Como exemplo, quando um pesquisador visitou 2 anos atras, ele ficava o dia todo com o professor que o levou, e eu o convidei para ir ao meu laboratorio. O que poderia ser mais como uma pessoa da PPG responsavel por ser um guia, perguntar o que ele quer conhecer e leva-lo, divulgar de forma ampla a visita. Para abrir a todos os interessados, a oportunidade única que e receber pesquisadores internacionais de renome!
;
;
Programa muito organizado e voltado para realizacao de atividades que engrandecem a pesquisa ;Agradecer pela oportunidade de ser tao bem assistida na UFV 
;
0!;0!
;
;
;
;
;
Excelente formador de recursos humanos;Sem comentario a adicionar 
;
;
;
;
;
;
;
;
Atualizacao do site sobre os coordenadores docentes e representante discente. No site, exposicao mais objetiva sobre missao, visao e valores;e urgente que a Universidade Federal de Vicosa consiga autorizacao para pesquisa e cultivo de Cannabis. Hoje, esta autorizacao esta centralizada em apenas uma única empresa que 0 possui o minimo interesse em abrir a possibilidade de pesquisa para os estudantes que ja trabalham com Cannabis. Por enquanto quem delibera sobre isso e a ADWA e esta empresa tem um pensamento limitado, tudo pra eles e nada para os outros. Precisamos colocar as tomadas de decisao na mao do professor Derly Jose Henriques da Silva isso 1 e dar valor a quem tem e tambem iremos valorizar muito a UFV. O mercado da Cannabis cresce a passos largos pelo mundo, precisamos acelerar agora. Ja estamos atrasados. Temos capacidade para ser referencia nacional e internacional, mas a morosidade das coisas nos deixa para tras. Isso da espaco aos aventureiros que existem, enquanto a UFV tem toda a estrutura para ser referencia mundial em Cannabis
;
So tenho elogios. O programa de Genetica e Melhoramento e excelente. ;
;
;
;
Incentivar e promover o envolvimento dos discentes ao meio corporativo.;Voltar com a disponibilidade de proficiencia em ingles de forma gratuita.
;
"       Por cobranca e estabelecimento de parametro minimos se estabelece um piso para qualidade de um programa, para se elevar a qualidade obter destaque definir um novo teto cada vez mais alto, se faz com  incentivos, como exemplo, incentivo a custeamento de publicacoes, custeamento de provas de proficiencia em lingua estrangeira por meritocracia em exame de lingua estrangeira dentro da universidade.... Sao os principais pontos para internacionalizacao e cada vez mais visibilidade da Universidade internacionalmente ao meu ver sao estes.
       Outro ponto e que com os novos rumos economicos do pais, a busca por doacoes, parcerias com a iniciativa privada e essencial para manutencao e elevacao da qualidade das pesquisas. Talvez a desburocratizacao de alguns destes processos seja um foco para o momento.
     ";Meus parabens ao Professor Leonardo Bhering que durante sua gestao no programa desempenhou um excelente papel com afinco e humanidade e excelencia. E aos funcionarios da secretaria de pos graduacao em genetica e melhoramento: Marco Túlio e Odilon que trabalham muito alem da eficiencia o fazem tambem com alegria e gentileza, inspirador! Muito obrigado a voces! 
;
;
;
;
Nada a declarar.;Nada a declarar.
Precisamos urgentemente de disciplinas de modelos mistos voltados ao melhoramento de plantas;
;
;
;
;
;
0;0
;
;
A coordenacao e seus membros (coordenador e secretarios) precisam ser dinemicos, rapidos, desburocratizadores, como sempre tem sido no Programa de Genetica e Melhoramento. Isto fez com que ele tenha se sustentado em conceito 7 por tanto tempo. ;A PPG age em massa, coletivamente perante ao problema do grupo de alunos. Em algumas ocasioes, poderia agir de maneira particular, levando em conta a peculiaridade de certas questoes envolvidas a certos estudants/bolsistas (ex.: cronogramas de defesa, de ida p/ e/ou volta  de intercambio, etc). E tambem prezar mais pela internacionalizacao dos programas de maior relevancia da universidade (conceitos 6 e, especialmente, 7).
;
;
;
0.;0. 
;
;
;
;
Os professores sao muito bons!;
;
0;0
;
A questao da avaliacao da qualidade das aulas tem um impacto direto pelas mesmas serem apenas na modalidade remota. O nivel de qualidade das aulas caiu muito em relacao a presenca em sala-de-aula. Quando estudante 0-vinculado, e tendo a possibilidade de assistir as aulas presencialmente, eu aumentaria a classificacao das mesmas. Porem, com o questionario sendo aplicado sobre a realidade atual, vejo as aulas remotas como um um obstaculo para o aprendizado na pos-graduacao, quando ofertadas integralmente neste modelo.;
;
;
;
;
0;Acho que houve uma falha grande ao diminuir o número de aulas e no planejamento dessas aos alunos que ingressaram no ano de 2020. A qualidade foi deixada em segundo plano.
;
e um bom programa, porem necessita refletir sobre sua organizacao interna. ;Precisa estreitar lacos com os discentes.
;
;
;
;
;
Obrigada pelo suporte de sempre e pela oportunidade! :);
;
0 ha uma comunicacao eficiente da coordenacao do programa com os discentes. Alem disso, observo que no programa ha uma falta de planejamento quanto a prazos de entrega de determinadas atividades e de repasse de informacoes. Por outro lado, a secretaria busca sempre fornecer respostas aos alunos do programa.;
;
;
;
;
;
;
;
;
;
;
;
;
Para que um aluno possa desenvolver a capacitacao e um projeto de qualidade, faz-se necessaria a dedicacao exclusiva ao processo, a qual so e possivel atraves de uma bolsa.;
0;0
;
;
Acho que o programa poderia ser mais organizado no que diz respeito a informacao de prazos que os discentes devem cumprir, tao quanto fornecer um detalhamento maior sobre as burocracias relacionadas ao projeto e, principalmente, ao estagio obrigatorio dos bolsistas. ;
;
;
;
Precisa de amadurecer muito enquanto mestrado para querer comecar a sonhar com uma proposta de um dia, possivelmente, talvez, desenvolver um doutorado. ;Por favor, amparem e cobrem das Ciencias Humanas e Sociais tanto quanto das demais. O resultado e menos mensuravel que os milhoes de reais que as agrarias e biologicas geram, mas podem ser a diferenca entre civilizacao e barbarie.
Acredito que o Programa possa rever a sua grade curricular interna, a fim de ofertar mais disciplinas no proprio Departamento aos discentes. Muitas vezes eu precisei cursar disciplinas em outros lugares porque o meu Programa 0 tinha algo na minha linha de pesquisa para oferecer. e preciso, tambem, maior apoio financeiro aos discentes para participacao de eventos academicos, nacionalmente e internacionalmente. Por fim, a coordenacao e secretaria do Programa deve se organizar melhor para evitar a solicitacao tardia de documentos, por exemplo. Os discentes acabam tendo um prazo muito curto para se dedicarem as atividades, pois os avisos e convocacoes sao sempre enviadas de última hora. No mais, estou muito satisfeito com a minha trajetoria no Programa nos últimos dois anos de mestrado.;0.
O programa tem otimos professores e uma excelente infraestrutura, tem tudo para crescer. Acredito que se alinhar o objetivo a pesquisa e conhecimento intelectual sem interesses outros a tendencia e crescer e estar no nivel de programas nota 7. ;Lembrar que a area de Humanas tambem faz parte do conhecimento integral e formador de cidadania e pensamento critico, portanto, merece o mesmo olhar que areas de exatas e agrarias, por exemplo. 
;
0;0
;
Bolsas para os discentes.;Bolsas para os discentes.
;
;
;
;
;
;
;
;
Sinto que o programa de pos-graduacao em matematica deveria ter mais possibilidades para alunos da matematica aplicada. ;
Prefiro 0 comentar;Prefiro 0 comentar
;
O programa explora muito pouco disciplinas que sao disponiveis para os alunos. Existe uma diversidade muito pequena de disciplinas, consequentemente, o aluno deve procurar outras instituicoes de ensino para completar creditos. Na minha opiniao, deve-se aumentar tanto a diversidade quanto a qualidade das disciplinas e das aulas para que desperte maior interesse pelos alunos em cursa-las. As disciplinas da PPGMV sao fracas, alguns professores 0 as levam a serio, faltando na maioria das aulas, 0 tendo parametros para avaliar os alunos e dando notas aleatorias aos mesmos, 0 despertando entao interesse nos alunos. Alem disso, existem pouquis1as parcerias para aulas e cursos internacionais, especialmente na area de Reproducao e Producao Animal. Em conjunto, estes sao, com toda certeza, pontos fracos do programa que devem ser discutidos afim de melhora-los o mais rapido possivel. ;
;
Que haja maior oferta de cursos em lingua inglesa, ja que algumas disciplinas serao ministradas nesse idioma. A prova de ingresso 0 e compativel com o nivel exigido.;
A secretaria de pos graduacao do meu programa e extremamente eficiente e possui comunicacao de melhor qualidade possivel.;
0;0
;
;
;
;
;
;
0;0
;
;
0;0
;
Sem comentarios ;Sem comentarios 
;
;
;
;
;
;
Nada a declarar;0
;
;
;
;
;
;
;
;
;
;
0;0
;
O programa e enriquecedor. Contamos com Professores de altis1o nivel profissional com grande experiencia e afinidade com os assuntos abordados nas disciplinas. Secretaria e coordenacao sempre solicitos com os alunos atendendo sempre com competencia fazendo com que a trajetoria seja leve e prazerosa.  Sou muita grata a todo conhecimento ate aqui adquirido para meu crescimento profissional. ;-
;
;
Acabei de me ingressar e me senti muito bem informada via e-mail sobre o Programa e a PPG. Agradeco aos responsaveis por essa atencao e dedicacao em deixar o aluno por dentro do que e necessario para percorrer uma trajetoria de sucesso.;Vejo que a PPG tem feito seu melhor mediante os desafios de adaptacao ao novo formato de aula e aos cortes de verbas. Parabenizo pelo empenho em continuar investindo em pessoas e na pesquisa.
;
;
;
;
"Que a disciplina que e obrigatoria aos discentes seja ministrada por mais professores, pois o atual professor 0 possui uma grande interacao com os discentes. Com isso, ha uma desmotivacao e o Programa e ""mal visto"" por grande parte de pessoas que querem cursar esta pos graduacao. Como e uma disciplina de 6 creditos e a UFV recebe gente de todo o pais, sugiro que seja dividida em pelo menos 3 professores (1 agronomo, 1 eng. Ambiental e 1meteorologista, por exemplo), as1 qualquer estudando que ingressar ja se sentira parte do programa. ";
;
;
;
;
;
;
;
Gostaria de reforcar que, pelo menos em relacao ao meu  programa, os estudantes ainda 0 sao respeitados e ouvidos da maneira correta. por muitas vezes as decisoes do programa passam por cima de qualquer direito de de opiniao do estudante. Alem disso, por muitas vezes problemas sao minimizados para evitar problemas maiores, quase sempre prejudicando o aluno. ;
;
;
;
;
;
;
;
;
;
;
;
;
;
;
;
;
;
;
e um programa que 0 leva questoes sociais e humanas na tomada de decisoes sobre as dificuldades encontradas pelos alunos.;
;
Excelente ;
;
;
;
;
;
;
Considero que o Programa de Pos-Graduacao em Microbiologia da UFV se destaca frente aos demais programas de microbiologia do pais em funcao de seu foco de atuacao e  abrangencia, que apesar de ser denominado apenas como microbiologia agricola, possui forte atuacao em diversas areas sobretudo na area ambiental, com desenvolvimento de pesquisas aplicadas a diversos setores industriais, muito alem daqueles relacionados apenas ao setor agricola, o que certamente poderia subsidiar que o Programa fosse denominado de Microbiologia Agricola e Ambiental, aumentando a visibilidade do programa e da UFV diante de instituicoes e empresas interessada no desenvolvimento de inovacao tecnologica em parceria com a UFV.;
;
;
;
;
;
;
;
;
;
;
;
Carga horaria de disciplinas alta;
;
;
;
;
;
;
otima organizacao;otimo atendimento, estao sempre presentes
;
;
O programa deveria criar e exigir a aplicacao do filtro necessario para que os projetos aprovados fossem apenas aqueles que sao capazes de trazer beneficios para a sociedade como um todo, e 0 apenas para gerar números para o programa/grupos de pesquisa...;
;
;
;
Excelente programa!;Excelente Pro Reitoria,  nos oferece todo suporte.
;
;
Estou no inicio, mas ja gostei muito do que vi ate aqui.;Eu sugeriria uma atualizacao no sistema de coleta dos dados dos candidatos. Achei-o um pouco confuso. Mas entendo que o momento e delicado e isso talvez 0 esteja no topo da lista de prioridades.
;
;
;
;
;
;
;
;
;
Parabenizar pela reinvencao das aulas para adaptacao remota.;
;
;
;
;
 ;
;
;
;
;
O programa e muito bom, professores capacitados. So penso que por ser um mestrado profissional, poderia ter mais aulas praticas e ate mesmo sobre gestao.;
;
;
0;0
;
O Programa e excelente e possui profissionais extremamente qualificados.;Obrigado pelo suporte e a oportunidade de continuar aperfeicoando meus estudos.
0.;0.
;
;
Excelente Instituicao e professores;0
Excelente oportunidade para ampliar nossos horizontes;Super competente e atenciosa
Estou muito satisfeita com meu programa de pos-graduacao, aulas muito bem elaboradas, professores excelentes e coordenacao muito atenciosa.;
NADA A DECLARAR;NADA A DECLARAR
;Poderia ser oferecido curso de ingles aos estudantes da Pos-Graduacao.
Esse Programa abriu a possibilidade de realizacao de um objetivo de vida.;Desenvolvimento de um trabalho de excelencia.
;
;
Apos a conclusao do Mestrado, meu sonho e dar sequencia ao Doutorado, quisera eu um dia atingir esta meta.;
;
e uma rede nacional na modalidade profissional de ensino que tem como foco proporcionar formacao continuada, qualificada e atualizada em Quimica.;A equipe e 
;
;
Espero que as escolas utilize o projeto com reducao de gastos ;
Para os objetivos a que se propoe, o programa esta muito bem organizado. ;Sem comentarios a fazer.
Recomendo!;
;
;
;
;
;
;
nada a acrescentar;nada a acrescentar
"O principal problema e a falta de instrucao pro mestrando! Temos que resolver tudo sozinho pois os orientadores 1plesmente desaparecem e reaparecem faltando dias pra estouro dos prazos. Temos que pesquisar tudo sozinho sem indicacao! 
Se eles pudessem nos dar algum respaldo, alguma orientacao melhor, com certeza o programa seria o maior e melhor do Brasil! Porem, peca, e MUITO, nesse quesito!";
;
O programa 0 tem regimento interno e suas solucoes sao baseadas no achismo dos professores sobre o problema, visando producao a qualquer custo humano. ;Apatica e fechada. 
;
;
;
A disciplina Pesquisa (SOL 799) precisa ser melhor estruturada. A disciplina 0 tem um programa definido, principalmente para os dois primeiros semestres, de modo que cada orientador procede de maneira diferente com seus orientados. Em alguns casos, estes acabam ficando prejudicados.;A Pro-Reitoria deveria estabelecer uma norma, obrigando orientadores e coorientadores a responder os emails de seus orientados!
;
;
Como todo e qualquer programa tem suas dificuldades, meu programa tambem tem, no entanto, o considero excelente, pois, as inúmeras oportunidades as quais temos sao maravilhosas e com professores comprometidos, profissionais de excelencia e tecnicos muito prestativos, presentes em nossa caminhada. ;Vem desenvolvendo um trabalho de excelencia como sempre. 
;
;
;
0;0
;
;
;
;
;
;
Os professores sao excelentes, possuem muito conhecimento e tem uma otima didatica. Aprendi muito, e tenho orgulho de fazer parte do programa de pos graduacao em solos e nutricao de solos! ;
Em minha opiniao, o programa em Solos e Nutricao de Plantas (coordenacao e secretaria) sempre se mostrou acessivel a mim na resolucao de problemas referentes a assuntos academicos.;
;
;
;
;
;
;
;
;
;"Com base em experiencias pessoais e casos de diversos colegas, sugiro a PPG: 1) Maior intercambio de informacoes com as coordenacoes, professores, tecnicos e estudantes; 2) Implementacao de alguma medida de auditoria permanente em todos os programas de pos-graduacao, para que ao menos haja transparencia a sociedade das diretrizes de fato implementadas por estes setores."
;
;
;
;
;
;
;
;Em virturde da pandademia os trabalhos a campo agora estao paralisados. Projetos que necessitam de dados experimentais a campo tiveram profundos prejuizos na execucao. Logo os prazos e datas deverao ser revistos e atualizados.
Acredito que as cobrancas direcionadas aos alunos do programa, quanto a definir projeto e publicar deveriam ser compartilhado com os orientadores. Muito dos problemas que temos em nosso programa tem origem em alguns orientadores displicentes. Claro que 0 sao todos. Mas acredito que, as1 como os alunos sao punidos, quando 0 cumprem com suas obrigacoes, os professores orientadores tambem deveriam receber algum tipo de punicao. Temos casos frequentes de orientadores que 0 respondem os email de seus orientados para resolver coisas burocraticas e 1ples do programa, como registrar o projeto de pesquisa. Ou orientadores que 0 corrigem projetos, dissertacoes e teses...etc.;0 sei o quao exequivel e isso, mas seria interessante que a Pro-Reitoria ajudasse os programas com mais do que apenas coisas administrativas e burocraticas. Nesse sentido, sabemos que muitos programas, as1 como o nosso, estao com seus laboratorios de pesquisa sucateados, com muitos equipamentos quebrados, precisando de concerto ou substituicao. Por isso, se a  Pro-Reitoria junto a universidade, fizesse um esforco para capitar recursos financeiros para este fim, acredito que ajudaria bastante. Pois acaba que, a responsabilidade de buscar recursos para manter laboratorios e financiar projetos de pesquisa fica todo para o programa de pos graduacao e professores orientadores.  
;
;
;
;
;
;
;
;
;
;
;
;
;
;
;
;
;
;
;
;
;
;
;
;
;
;
;
;
;
;
;
;
;
;
Ok;Ok
;
;
;
;
;
;
;
;
;
;
;
A ZOOOTECNIA ME FAZ CRESCER TODO DIA, GRATIaO AO PPGZ. MAS, INFELIZMENTE, NOSSOS LABORATORIOS ESTaO SUCATEADOS.;
;
;
;
;
O programa e otimo, cumpre com todos os requisitos para publicacoes e geracao de conhecimento cientifico, porem a preocupacao com a saúde mental dos estudantes e em dar algum retorno a sociedade e minima.;
O programa e otimo, mas o corpo docente que orienta precisa ser remanejado, e os que ficarem, precisam competir menos entre eles e se unirem em prol do programa, e 0 da carreira particular. Claro que existe excecoes.;Fiscalize os docentes para que sejam mais produtivos e auxilie o programa a resolver a retirada dos menos ou nada produtivos. 
;
;
;
;
;
;
;
;
;
;
;
;
;
;
;
;
;
;
;
;
;
;
;
;
;
;
;
;
;
;
;
0;0
Precisamos de investimentos em nossos laboratorios ;
;
;Gostaria de apelar a quem de direito para que de as mesmas condicoes de acesso ao departamento, aos estudantes estrangeiros. Possibilidade de acesso a bolsas de estudo.
;
;
;
Excelente Programa de Pos-Graduacao.;Excelente Pro-reitoria de Pesquisa e Pos-Graduacao.
